name,ticker
삼성전자,005930
SK하이닉스,000660
삼성전자우,005935
SK스퀘어,402340
현대차,005380
삼성전기,009150
LG에너지솔루션,373220
삼성생명,032830
HD현대중공업,329180
삼성물산,028260
KB금융,105560
기아,000270
삼성바이오로직스,207940
두산에너빌리티,034020
현대모비스,012330
한화에어로스페이스,012450
신한지주,055550
LG전자,066570
삼성SDI,006400
SK,034730
NAVER,035420
셀트리온,068270
하나금융지주,086790
한화오션,042660
HD현대일렉트릭,267260
LS ELECTRIC,010120
삼성화재,000810
POSCO홀딩스,005490
미래에셋증권,006800
효성중공업,298040
KODEX 200,069500
HD한국조선해양,009540
두산,000150
한미반도체,042700
고려아연,010130
LG이노텍,011070
한국전력,015760
SK텔레콤,017670
LG화학,051910
삼성중공업,010140
우리금융지주,316140
현대오토에버,307950
HD현대,267250
현대로템,064350
TIGER 미국S&P500,360750
KT&G,033780
SK이노베이션,096770
HMM,011200
삼성에스디에스,018260
메리츠금융지주,138040
포스코퓨처엠,003670
LG,003550
카카오,035720
한화시스템,272210
기업은행,024110
LIG디펜스앤에어로스페이스,079550
현대글로비스,086280
에이피알,278470
KT,030200
현대건설,000720
한국금융지주,071050
한국항공우주,047810
S-Oil,010950
TIGER 반도체TOP10,396500
크래프톤,259960
LS,006260
TIGER 미국나스닥100,133690
NH투자증권,005940
TIGER 200,102110
카카오뱅크,323410
LG씨엔에스,064400
삼성증권,016360
KODEX 미국S&P500,379800
포스코인터내셔널,047050
두산로보틱스,454910
HD현대마린솔루션,443060
DB손해보험,005830
대한항공,003490
키움증권,039490
현대차2우B,005387
KODEX 미국나스닥100,379810
삼성E&A,028050
하이브,352820
KODEX 200TR,278530
KODEX 머니마켓액티브,488770
대우건설,047040
한화,000880
삼양식품,003230
이수페타시스,007660
KODEX 레버리지,122630
한국타이어앤테크놀로지,161390
KODEX CD금리액티브(합성),459580
한진칼,180640
대한전선,001440
LG디스플레이,034220
DB하이텍,000990
대덕전자,353200
GS,078930
HD건설기계,267270
코웨이,021240
TIGER 미국필라델피아반도체나스닥,381180
SK바이오팜,326030
산일전기,062040
SKC,011790
LG유플러스,032640
한화솔루션,009830
아모레퍼시픽,090430
KODEX 반도체,091160
유한양행,000100
두산밥캣,241560
한미약품,128940
현대차우,005385
NC,036570
KODEX 200타겟위클리커버드콜,498400
카카오페이,377300
신세계,004170
TIGER MSCI Korea TR,310970
맥쿼리인프라,088980
BNK금융지주,138930
엘앤에프,066970
삼성카드,029780
오리온,271560
CJ,001040
OCI홀딩스,010060
가온전선,000500
두산퓨얼셀,336260
KODEX 코스닥150,229200
JB금융지주,175330
ACE KRX금현물,411060
한온시스템,018880
롯데쇼핑,023530
현대제철,004020
한전기술,052690
RISE 200,148020
KODEX 종합채권(AA-이상)액티브,273130
한화엔진,082740
KCC,002380
KODEX KOFR금리액티브(합성),423160
TIGER 미국테크TOP10 INDXX,381170
ACE 미국S&P500,360200
HANARO Fn K-반도체,395270
포스코DX,022100
TIGER CD금리투자KIS(합성),357870
한화생명,088350
TIGER 미국배당다우존스,458730
KODEX 삼성그룹,102780
KODEX AI반도체TOP2플러스,395160
에코프로머티,450080
LG생활건강,051900
ACE 미국나스닥100,367380
더존비즈온,012510
일진전기,103590
영원무역,111770
넷마블,251270
한화비전,489790
KODEX AI전력핵심설비,487240
강원랜드,035250
한국가스공사,036460
롯데케미칼,011170
KODEX 코스닥150레버리지,233740
금호석유화학,011780
에스엘,005850
현대백화점,069960
SK바이오사이언스,302440
CJ제일제당,097950
현대해상,001450
KODEX CD1년금리플러스액티브(합성),481050
서울보증보험,031210
현대엘리베이터,017800
KODEX MSCI Korea TR,278540
신영증권,001720
한올바이오파마,009420
iM금융지주,139130
F&F,383220
효성,004800
에스원,012750
미래에셋생명,085620
TIGER 200 IT,139260
RISE 머니마켓액티브,455890
한솔케미칼,014680
롯데에너지머티리얼즈,020150
팬오션,028670
TIME 글로벌AI인공지능액티브,456600
DL이앤씨,375500
코리아써키트,007810
PLUS 고배당주,161510
HL만도,204320
롯데지주,004990
이수스페셜티케미컬,457190
영원무역홀딩스,009970
이마트,139480
달바글로벌,483650
TIGER 코리아TOP10,292150
동서,026960
DN오토모티브,007340
TIME 미국나스닥100액티브,426030
한국앤컴퍼니,000240
코리안리,003690
두산우,000155
KODEX 200미국채혼합,284430
농심,004370
대한조선,439260
TIGER KOFR금리액티브(합성),449170
RISE 종합채권(A-이상)액티브,385540
GS건설,006360
케이뱅크,279570
BGF리테일,282330
KODEX 단기채권PLUS,214980
SK네트웍스,001740
KIWOOM 200TR,294400
미스토홀딩스,081660
제일기획,030000
HD현대마린엔진,071970
한전KPS,051600
한미사이언스,008930
KODEX 미국AI전력핵심인프라,487230
호텔신라,008770
현대위아,011210
SK가스,018670
GS리테일,007070
KODEX 2차전지산업,305720
풍산,103140
현대지에프홀딩스,005440
TIGER 미국나스닥100타겟데일리커버드콜,486290
한국콜마,161890
시프트업,462870
KODEX 반도체레버리지,494310
HJ중공업,097230
코스맥스,192820
코오롱인더,120110
CJ대한통운,000120
PLUS 200,152100
ACE 200,105190
ACE 미국30년국채액티브(H),453850
KODEX Top5PlusTR,315930
씨에스윈드,112610
TIGER 배당커버드콜액티브,472150
ACE 글로벌반도체TOP4 Plus,446770
LS에코에너지,229640
SOL 조선TOP3플러스,466920
HD현대에너지솔루션,322000
KODEX 미국배당커버드콜액티브,441640
아모레퍼시픽홀딩스,002790
세아베스틸지주,001430
RISE 미국나스닥100,368590
다우기술,023590
RISE 미국S&P500,379780
TIGER 반도체,091230
한국카본,017960
NHN,181710
오리온홀딩스,001800
삼성전기우,009155
LG전자우,066575
RISE CD금리액티브(합성),477080
동원산업,006040
TIGER 코스닥150,232080
TIGER CD1년금리액티브(합성),475630
LX인터내셔널,001120
SK리츠,395400
더블유게임즈,192080
KODEX 로봇액티브,445290
녹십자,006280
코스모신소재,005070
아시아나항공,020560
SK아이이테크놀로지,361610
KODEX 미국반도체,390390
대신증권,003540
롯데관광개발,032350
TIGER 리츠부동산인프라,329200
파라다이스,034230
SNT다이내믹스,003570
TIGER 단기통안채,157450
효성티앤씨,298020
대웅제약,069620
삼성 레버리지 WTI원유 선물 ETN,530031
TIGER 반도체TOP10레버리지,488080
메리츠 KIS CD금리투자 ETN,610063
TIGER 미국필라델피아AI반도체나스닥,497570
오뚜기,007310
SOL 종합채권(AA-이상)액티브,436140
하나 CD금리투자 ETN,700026
PLUS 글로벌HBM반도체,442580
KODEX 삼성전자채권혼합,448330
금호타이어,073240
KODEX 200선물인버스2X,252670
IPARK현대산업개발,294870
STX엔진,077970
케이씨텍,281820
PLUS K방산,449450
교보증권,030610
SOL 초단기채권액티브,469830
삼성화재우,000815
롯데정밀화학,004000
KODEX 200액티브,494890
ACE 종합채권(AA-이상)액티브,356540
KB발해인프라,415640
ACE 미국S&P500미국채혼합50액티브,438080
KODEX 인버스,114800
한화투자증권,003530
동양생명,082640
후성,093370
HDC,012630
LG화학우,051915
ACE AI반도체TOP3+,469150
해성디에스,195870
ACE 미국빅테크TOP7 Plus,465580
TIGER 차이나전기차SOLACTIVE,371460
하이트진로,000080
TIGER 종합채권(AA-이상)액티브,451540
ACE 테슬라밸류체인액티브,457480
SK이터닉스,475150
롯데렌탈,089860
KODEX 코스피,226490
키움 레버리지 반도체TOP10 ETN,760013
TIGER 2차전지테마,305540
KODEX 코스피100,237350
TIGER 미국필라델피아반도체레버리지(합성),423920
삼화콘덴서,001820
SOL 미국배당다우존스,446720
SOL AI반도체소부장,455850
한일시멘트,300720
DL,000210
RISE KOFR금리액티브(합성),479520
RISE 코리아밸류업,495050
키움 CD금리투자 ETN,760009
하나 레버리지 반도체 ETN,700028
종근당,185750
삼아알미늄,006110
대웅,003090
롯데웰푸드,280360
롯데칠성,005300
롯데리츠,330590
태광산업,003240
경동나비엔,009450
한국금융지주우,071055
OCI,456040
TIGER 미국30년국채커버드콜액티브(H),476550
TIGER 현대차그룹플러스,138540
ACE 미국배당다우존스,402970
KODEX 미국S&P500(H),449180
KODEX 은선물(H),144600
유안타증권,003470
SK오션플랜트,100090
TIME Korea플러스배당액티브,441800
GS피앤엘,499790
비에이치,090460
1Q 머니마켓액티브,479080
TIGER 200IT레버리지,243880
ACE 머니마켓액티브,487340
영풍,000670
KODEX 미국나스닥100데일리커버드콜OTM,494300
ACE 미국나스닥100미국채혼합50액티브,438100
쿠쿠홀딩스,192400
현대홈쇼핑,057050
ESR켄달스퀘어리츠,365550
KODEX 미국30년국채타겟커버드콜(합성 H),481060
KODEX 단기채권,153130
KIWOOM 200,069660
RISE 네트워크인프라,367760
TIGER 은행고배당플러스TOP10,466940
RISE 200위클리커버드콜,475720
RISE KIS국고채30년Enhanced,385560
KODEX 증권,102970
에스디바이오센서,137310
HS효성첨단소재,298050
TIGER 글로벌AI전력인프라액티브,491010
NICE평가정보,030190
솔루엠,248070
KODEX 코리아밸류업,495850
LX세미콘,108320
TIGER 단기채권액티브,272580
HANARO 원자력iSelect,434730
RISE 미국AI밸류체인데일리고정커버드콜,490590
N2 KIS CD금리투자 ETN,550082
SNT홀딩스,036530
이노션,214320
KODEX 금융고배당TOP10타겟위클리커버드콜,498410
지역난방공사,071320
대원전선,006340
TIGER 차이나항셍테크,371160
한화리츠,451800
아이에스동서,010780
SK디스커버리,006120
세진중공업,075580
TIGER 미국배당다우존스타겟커버드콜2호,458760
대한유화,006650
GKL,114090
파미셀,005690
한국단자,025540
CJ CGV,079160
SOL 200TR,295040
전진건설로봇,079900
SNT모티브,064960
KODEX 미국달러SOFR금리액티브(합성),455030
솔루스첨단소재,336370
세방전지,004490
자화전자,033240
KB KIS CD금리투자 ETN,580058
TIGER 2차전지TOP10,364980
한샘,009240
보령,003850
TIGER 미국달러SOFR금리액티브(합성),456610
KODEX 2차전지산업레버리지,462330
디아이,003160
SK증권,001510
SK케미칼,285130
TIGER K방산&우주,463250
TIGER 조선TOP10,494670
한화손해보험,000370
PLUS 고배당주채권혼합,251600
KODEX 미국30년국채액티브(H),484790
한국쉘석유,002960
KODEX 미국빅테크10(H),314250
SNT에너지,100840
넥센타이어,002350
금양,001570
TKG휴켐스,069260
신한알파리츠,293940
대상,001680
KODEX TDF2050액티브 적격,434060
TIGER 2차전지소재Fn,462010
대한해운,005880
TIGER 미국S&P500타겟데일리커버드콜,482730
카프로,006380
빙그레,005180
SOL 코리아메가테크액티브,444200
RISE 대형고배당10TR,315960
명인제약,317450
F&F홀딩스,007700
SGC에너지,005090
LF,093050
코오롱,002020
부국증권,001270
KODEX 은행,091170
TIGER 미국달러단기채권액티브,329750
ACE 국고채10년,365780
PI첨단소재,178920
KG모빌리티,003620
LX홀딩스,383800
KODEX 국고채10년액티브,471230
KODEX 미국나스닥100(H),449190
TIGER 코리아밸류업,496080
세아홀딩스,058650
TIGER 우량회사채액티브,438330
일동제약,249420
TIGER 글로벌AI액티브,466950
HANARO 200,293180
동원시스템즈,014820
롯데손해보험,000400
KODEX 국고채3년,114260
대덕,008060
KODEX 미국배당다우존스,489250
미원상사,002840
JW중외제약,001060
엠앤씨솔루션,484870
E1,017940
동아쏘시오홀딩스,000640
세아제강지주,003030
KODEX 미국AI테크TOP10타겟커버드콜,483280
KODEX MSCI선진국,251350
KODEX 26-12 회사채(AA-이상)액티브,473290
현대차3우B,005389
TIGER 테슬라채권혼합Fn,447770
현대차증권,001500
현대그린푸드,453340
미래에셋 레버리지 코스피200 선물 ETN,520054
PLUS 종합채권(AA-이상)액티브,451000
KODEX 자동차,091180
하나투어,039130
풍산홀딩스,005810
KG스틸,016380
한일홀딩스,003300
RISE 200TR,361580
대신증권우,003545
TIGER 미국30년국채스트립액티브(합성 H),458250
TIGER 코스피,277630
RISE ESG사회책임투자,290130
TIGER 미국S&P500(H),448290
미원에스씨,268280
TIGER 미국나스닥100레버리지(합성),418660
TIGER 미국테크TOP10타겟커버드콜,474220
고려제강,002240
애경케미칼,161000
태영건설,009410
맵스리얼티,094800
KODEX 한국부동산리츠인프라,476800
쿠쿠홈시스,284740
TIGER 27-04회사채(A+이상)액티브,480260
1Q 200액티브,451060
한화갤러리아,452260
RISE 미국테크100데일리고정커버드콜,491620
녹십자홀딩스,005250
신세계인터내셔날,031430
TIGER CD금리플러스액티브(합성),499660
SOL 미국배당미국채혼합50,490490
일진하이솔루스,271940
바이오노트,377740
RISE AI&로봇,469070
DI동일,001530
흥아해운,003280
제주은행,006220
동국제강,460860
KoAct 바이오헬스케어액티브,462900
NH투자증권우,005945
한섬,020000
SOL 자동차TOP3플러스,466930
NICE,034310
TIME 코스피액티브,385720
코스모화학,005420
광전자,017900
유니드,014830
신풍제약,019170
삼성FN리츠,448730
삼양사,145990
DB증권,016610
한솔테크닉스,004710
명신산업,009900
TIGER 미국나스닥100채권혼합50,435420
KODEX AI반도체핵심장비,471990
조광피혁,004700
유진투자증권,001200
쏘카,403550
케이카,381970
삼양홀딩스,000070
삼천리,004690
부광약품,003000
신성이엔지,011930
율촌화학,008730
TIGER 차이나반도체FACTSET,396520
두산2우B,000157
한전산업,130660
농심홀딩스,072710
BGF,027410
RISE 단기채권알파액티브,385550
KIWOOM 국고채10년,148070
티엠씨,217590
코람코더원리츠,417310
KODEX 국고채30년액티브,439870
INVENI,015360
아모레퍼시픽우,090435
KODEX 신재생에너지액티브,385510
프레스티지바이오파마,950210
KODEX 인도Nifty50,453810
TIGER 레버리지,123320
코람코라이프인프라리츠,357120
PLUS 머니마켓액티브,477050
RISE 코스닥150,270810
신도리코,029530
삼영무역,002810
KIWOOM 종합채권(AA-이상)액티브,454780
디아이씨,092200
TIME 미국S&P500액티브,426020
KODEX 골드선물(H),132030
ACE 미국달러SOFR금리(합성),456880
화신,010690
KODEX ESG종합채권(A-이상)액티브,439860
HL홀딩스,060980
덴티움,145720
퍼스텍,010820
TIGER 증권,157500
삼성SDI우,006405
TIGER 미국나스닥100(H),448300
세아제강,306200
ACE 엔비디아밸류체인액티브,483320
신대양제지,016590
TIGER 200TR,310960
SOL 미국30년국채커버드콜(합성),473330
동아에스티,170900
TIGER 일본니케이225,241180
TIGER 인도니프티50,453870
풀무원,017810
TIGER 미국나스닥100커버드콜(합성),441680
TIGER 미국테크TOP10채권혼합,472170
DB,012030
KCC글라스,344820
아세아,002030
TIGER 지주회사,307520
KODEX 고배당주,279530
삼립,005610
제주항공,089590
한세실업,105630
TIME 글로벌우주테크&방산액티브,478150
SOL 금융지주플러스고배당,484880
넥스틸,092790
KODEX 삼성그룹밸류,213610
RISE 삼성그룹Top3채권혼합,448630
일진홀딩스,015860
엠씨넥스,097520
아세아시멘트,183190
우진,105840
KODEX 미국AI테크TOP10,485540
KPX홀딩스,092230
ACE 구글밸류체인액티브,483340
KODEX 테슬라커버드콜채권혼합액티브,475080
한투 KIS CD금리투자 ETN,570090
RISE 글로벌자산배분액티브,461490
WON 반도체밸류체인액티브,474590
ACE 베트남VN30(합성),245710
TIGER 200 중공업,139230
KoAct 코리아밸류업액티브,495230
SOL 미국테크TOP10,481190
KODEX 차이나CSI300,283580
트리니티항공,091810
퍼시스,016800
수산인더스트리,126720
신한 레버리지 코스피 200 선물 ETN,500069
KoAct 글로벌AI&로봇액티브,471040
ACE 미국30년국채액티브,476760
서연이화,200880
현대코퍼레이션,011760
남해화학,025860
SOL 미국S&P500,433330
ACE 단기통안채,190620
케이씨,029460
PLUS 고배당주위클리커버드콜,489030
천일고속,000650
RISE 비메모리반도체액티브,388420
넥센,005720
TCC스틸,002710
현대퓨처넷,126560
드림텍,192650
HK 종합채권(AA-이상)액티브,472920
포스코스틸리온,058430
SIMPAC,009160
대원제약,003220
ACE 원자력TOP10,433500
광동제약,009290
KISCO홀딩스,001940
롯데이노베이트,286940
삼성 레버리지 천연가스 선물 ETN D,530145
TIGER 200선물레버리지,267770
애경산업,018250
한국철강,104700
SOL 미국AI전력인프라,486450
이수화학,005950
제이에스코퍼레이션,194370
RISE 글로벌원자력,442320
KODEX 장기종합채권(AA-이상)액티브,363570
대원강업,000430
한국토지신탁,034830
RISE 미국30년국채엔화노출(합성 H),472870
TIGER 글로벌리튬&2차전지SOLACTIVE(합성),394670
대상홀딩스,084690
아세아제지,002310
KG케미칼,001390
진에어,272450
콜마홀딩스,024720
유나이티드제약,033270
LX하우시스,108670
RISE 단기통안채,196230
KODEX 단기변동금리부채권액티브,273140
국도화학,007690
한투 레버리지S&P500선물 ETN(H),570022
에이블씨엔씨,078520
TIGER 미국AI빅테크10타겟데일리커버드콜,493810
한양증권,001750
동국홀딩스,001230
KODEX 미국종합채권ESG액티브(H),437080
KIWOOM 미국양자컴퓨팅,498270
TIME K바이오액티브,463050
KODEX WTI원유선물인버스(H),271050
엘브이엠씨홀딩스,900140
RISE TDF2050액티브 적격,442570
서울가스,017390
JW홀딩스,096760
스틱인베스트먼트,026890
대한제강,084010
삼성 블룸버그 인버스2X WTI원유선물 ETN B,530134
TIGER 바이오TOP10,364970
광주신세계,037710
남양유업,003920
TIGER 미국투자등급회사채액티브(H),458260
TIGER 코리아테크액티브,471780
TIME 코리아밸류업액티브,495060
TIGER 중장기국채,302190
한국자산신탁,123890
TIGER 미국테크TOP10 INDXX(H),472160
RISE 코스피,302450
KODEX 미국나스닥100레버리지(합성 H),409820
PLUS 우주항공,421320
SOL 26-12 회사채(AA-이상)액티브,488980
세방,004360
삼영,003720
신한 레버리지 은 선물 ETN(H),500029
ACE 엔비디아채권혼합,448540
TIGER 차이나과창판STAR50(합성),414780
DS단석,017860
삼진제약,005500
한진,002320
휴스틸,005010
TYM,002900
KODEX 미국서학개미,473460
PKC,001340
SOL CD금리&머니마켓액티브,497880
삼영전자,005680
일성아이에스,003120
TIGER 미국채10년선물,305080
미래에셋 레버리지 반도체 ETN,520098
RISE 2차전지액티브,422420
HANARO 200TR,332930
삼성 레버리지 코스피200 선물 ETN,530104
KODEX TRF3070,329650
KODEX 200IT TR,363580
SOL 글로벌AI반도체탑픽액티브,423170
더본코리아,475560
1Q 단기금융채액티브,463290
아이마켓코리아,122900
한농화성,011500
이리츠코크렙,088260
TIGER 미국AI빅테크10,490090
SBS,034120
제이알글로벌리츠,348950
GS글로벌,001250
송원산업,004430
일신방직,003200
KIWOOM 머니마켓액티브,476450
RISE 고배당,266160
TIGER 화장품,228790
미원화학,134380
사조대림,003960
대성산업,128820
에스엠벡셀,010580
흥국화재,000540
KODEX 바이오,244580
영진약품,003520
KODEX 미국달러선물인버스2X,261260
LS네트웍스,000680
한국공항,005430
YG PLUS,037270
1Q CD금리액티브(합성),491610
코오롱글로벌,003070
이지스밸류플러스리츠,334890
WON 전단채플러스액티브,496020
SK디앤디,210980
KB스타리츠,432320
노루홀딩스,000320
KSS해운,044450
CR홀딩스,000480
BYC,001460
선진,136490
대동,000490
KPX케미칼,025000
LG우,003555
경방,000050
모토닉,009680
신세계 I&C,035510
S-Oil우,010955
스카이라이프,053210
SOL 미국배당다우존스(H),452360
사조산업,007160
TIGER 구리실물,160580
대한제당,001790
미래에셋증권우,006805
LG생활건강우,051905
미창석유,003650
KODEX 코스닥150선물인버스,251340
다올투자증권,030210
무학,033920
종근당홀딩스,001630
에이플러스에셋,244920
SOL 코리아밸류업TR,495550
미래에셋 CD금리 플러스 ETN,520094
서흥,008490
백산,035150
HDC랩스,039570
KEC,092220
잇츠한불,226320
디앤디플랫폼리츠,377190
화승엔터프라이즈,241590
신한서부티엔디리츠,404990
교촌에프앤비,339770
신한 WTI원유 선물 ETN,500099
삼화전기,009470
KODEX 2차전지핵심소재10,461950
성신양회,004980
ACE 26-06 회사채(AA-이상)액티브,461270
지누스,013890
삼익THK,004380
대한제분,001130
대성에너지,117580
MIDAS 코스피액티브,403790
에어부산,298690
한미글로벌,053690
TIGER 코스닥150 레버리지,233160
키움 레버리지 2차전지산업 ETN,760011
AJ네트웍스,095570
동성케미컬,102260
HS효성,487570
KODEX 건설,117700
KIWOOM 단기자금,130730
현대비앤지스틸,004560
알루코,001780
서연,007860
대신증권2우B,003547
ACE 미국빅테크7+데일리타겟커버드콜(합성),480020
환인제약,016580
ACE 200TR,332500
하이트진로홀딩스,000140
KIWOOM 인도Nifty50(합성),200250
TIGER 2차전지TOP10레버리지,412570
KODEX 200ESG,337160
동아지질,028100
진양홀딩스,100250
방림,003610
SJG세종,033530
만호제강,001080
KIWOOM CD금리액티브(합성),458210
ACE 미국반도체데일리타겟커버드콜(합성),480040
PLUS 코스피50,122090
LG헬로비전,037560
현대약품,004310
한국화장품제조,003350
DH오토넥스,000300
이연제약,102460
HANARO 전력설비투자,491820
경농,002100
KIWOOM 26-09회사채(AA-이상)액티브,464240
KODEX 미국배당다우존스타겟커버드콜,483290
JW생명과학,234080
한투 나스닥100 ETN,570051
계룡건설,013580
SOL 미국AI소프트웨어,481180
KODEX 코리아배당성장채권혼합,237370
TIGER LG그룹플러스,138530
도화엔지니어링,002150
계양전기,012200
ACE 미국500데일리타겟커버드콜(합성),480030
KODEX TDF2040액티브 적격,433980
TIGER 미국S&P500배당귀족,429000
SP삼화,000390
한세예스24홀딩스,016450
이월드,084680
TIGER 삼성그룹,138520
CJ우,001045
신세계푸드,031440
UNICORN SK하이닉스밸류체인액티브,494220
유화증권,003460
해태제과식품,101530
남선알미늄,008350
N2 월간 레버리지 방위산업 Top5 ETN,550092
RISE 단기국공채액티브,272560
신한 레버리지 금 선물 ETN,500037
ACE 코스닥150,354500
KODEX 미국30년국채울트라선물(H),304660
조선내화,462520
TIGER 차이나CSI300,192090
KB 레버리지 KOSPI 200 선물 ETN,580039
NH올원리츠,400760
경인양행,012610
하나제약,293480
강남제비스코,000860
CJ제일제당 우,097955
코스맥스비티아이,044820
금호석유화학우,011785
KODEX 성장주,325010
대창단조,015230
ACE 미국빅테크TOP7 Plus레버리지(합성),465610
롯데하이마트,071840
SYTS,002170
TIGER AI반도체핵심공정,471760
웅진,016880
TIGER 국고채30년스트립액티브,451530
파워 200,152870
TIGER 헬스케어,143860
일양약품,007570
대한화섬,003830
와이투솔루션,011690
동화약품,000020
KODEX 미국S&P500선물(H),219480
이구산업,025820
미래에셋 KRX금현물 Auto-KO-C 2810-01 ETN,520066
동국씨엠,460850
KODEX 차이나항셍테크,372330
KODEX 미국나스닥AI테크액티브,411420
한국석유,004090
KODEX 배당가치,325020
한국주철관,000970
TIGER Fn신재생에너지,377990
한솔제지,213500
효성화학,298000
1Q 코리아밸류업,495330
PLUS 코스피TR,328370
RISE 중기우량회사채,136340
키움 코스피 200 TR ETN,760007
하나 Solactive 2X US Tech Top 10 ETN(H),700023
노루페인트,090350
RISE 수소경제테마,367770
조일알미늄,018470
TIGER 미국MSCI리츠(합성 H),182480
삼일제약,000520
한투 S&P500선물 ETN,570050
화승인더,006060
RISE 미국배당100데일리고정커버드콜,490600
TIGER 미국다우존스30,245340
유니퀘스트,077500
수산세보틱스,017550
신라교역,004970
제일약품,271980
TIGER 200 건설,139220
일진다이아,081000
한진중공업홀딩스,003480
HANARO MSCI Korea TR,332940
효성ITX,094280
TIGER 글로벌혁신블루칩TOP10,464930
삼성 인버스 2X 천연가스 선물 ETN D,530136
유수홀딩스,000700
미래산업,025560
TIGER 글로벌자율주행&전기차SOLACTIVE,394660
TIGER 글로벌AI&로보틱스 INDXX,464310
동양,001520
동부건설,005960
N2 월간 레버리지 코스피 200 선물 ETN,550089
태경산업,015890
한투 레버리지일본니케이225선물 ETN(H),570106
자이에스앤디,317400
TIGER 국채3년,114820
금호건설,002990
PLUS 태양광&ESS,457990
KBI동양철관,008970
TIGER 차이나CSI300레버리지(합성),204480
삼양패키징,272550
한솔홀딩스,004150
미원홀딩스,107590
디와이파워,210540
SOL 2차전지소부장Fn,455860
KCTC,009070
SOL 미국S&P500ESG,399110
ACE 미국WideMoat동일가중,309230
태림포장,011280
신흥,004080
HANARO CAPEX설비투자iSelect,454320
ACE 중국본토CSI300,168580
이지스레지던스리츠,350520
ACE 라이프자산주주가치액티브,494330
두올,016740
진흥기업,002780
토니모리,214420
동양고속,084670
삼성제약,001360
KB 레버리지 반도체 TOP10 TR ETN,580082
RISE IT플러스,326240
SOL 미국TOP5채권혼합50,447620
텔코웨어,078000
삼성 레버리지 은 선물 ETN(H),530061
경보제약,214390
디씨엠,024090
TIGER 골드선물(H),319640
한일철강,002220
사조씨푸드,014710
현대리바트,079430
KODEX IT,266370
신원,009270
삼성 인버스 2X 코스닥150 선물 ETN,530107
HDC현대EP,089470
신영와코루,005800
SOL 미국나스닥100,476030
한국제지,027970
샘표,007540
DKME,015590
경동도시가스,267290
티에이치엔,019180
금강공업,014280
제일파마홀딩스,002620
TIGER 미국S&P500동일가중,488500
한신공영,004960
HS애드,035000
WON 200,448100
KODEX 미국달러선물인버스,261270
모나용평,070960
한투 레버리지WTI원유선물 ETN B,570116
PLUS 국공채머니마켓액티브,491230
파워 종합채권(AA-이상)액티브,498180
TIGER 글로벌AI플랫폼액티브,412770
대성홀딩스,016710
KODEX 미국나스닥100선물(H),304940
키다리스튜디오,020120
극동유화,014530
인천도시가스,034590
사조동아원,008040
KIWOOM 코리아밸류업,496090
경동인베스트,012320
삼익악기,002450
한국무브넥스,010100
삼성 레버리지 금 선물 ETN(H),530055
무림P&P,009580
신한 레버리지 S&P500 선물 ETN,500050
KODEX KRX300레버리지,306950
대창,012800
조선선재,120030
STX,011810
세원정공,021820
한투 레버리지천연가스선물 ETN C,570120
KODEX iShares미국하이일드액티브,468380
신한 레버리지 코스닥 150 선물 ETN,500071
BNK 26-06 특수채(AAA이상)액티브,495710
NPC,004250
화승코퍼레이션,013520
KoAct 배당성장액티브,476850
한독,002390
KODEX 미국10년국채선물,308620
그린케미칼,083420
태경비케이,014580
현대코퍼레이션홀딩스,227840
아시아나IDT,267850
차AI헬스케어,025620
한투 레버리지금선물 ETN,570059
RISE 200선물레버리지,252400
RISE 국고채3년,114100
메리츠 미국채30년 ETN(H),610037
ACE KPOP포커스,475050
벽산,007210
KODEX 미국S&P500테크놀로지,463680
KODEX 한국대만IT프리미어,298770
선도전기,007610
한국화장품,123690
HS화성,002460
마이티 26-09 특수채(AAA)액티브,465780
크라운제과,264900
SOL 국고채10년,438570
RISE 미국AI밸류체인TOP3Plus,485690
KC코트렐,119650
SOL K방산,490480
KIWOOM 미국S&P500,449770
PLUS 신흥국MSCI(합성 H),195980
샘표식품,248170
ACE 포스코그룹포커스,469170
동남합성,023450
SOL 미국AI반도체칩메이커,479620
대교,019680
PLUS 미국S&P500(H),269540
RISE 국고채10년액티브,481430
ACE 삼성그룹섹터가중,108450
KTcs,058850
DAISHIN343 AI반도체&인프라액티브,486240
디와이,013570
상상인증권,001290
N2 전력인프라 Top5 ETN,550093
미래에셋 레버리지 삼성전자 단일종목 ETN,520100
세이브존I&C,067830
TIGER 미국S&P500선물(H),143850
KODEX 코리아배당성장,211900
삼성공조,006660
PLUS 코리아밸류업,495040
TIGER 소프트웨어,157490
동성제약,002210
미래에셋 레버리지 SK하이닉스 단일종목ETN,520101
ACE 11월만기자동연장회사채AA-이상액티브,473440
진원생명과학,011000
HL D&I,014790
KODEX 코스피TR,359210
대양금속,009190
1Q 현대차그룹채권(A+이상)&국고통안,492500
부국증권우,001275
키움 레버리지 조선TOP10 ETN,760016
페이퍼코리아,001020
GS우,078935
아남전자,008700
ACE 글로벌인컴TOP10,460960
ACE 중장기국공채액티브,272910
주성코퍼레이션,109070
KODEX TRF5050,329660
아주스틸,139990
KODEX TRF7030,329670
티와이홀딩스,363280
TIGER BBIG,364960
황금에스티,032560
KODEX KRX300,292190
TIGER 미국나스닥바이오,203780
HANARO 코리아밸류업,495750
HANARO 200선물레버리지,304780
동방,004140
KODEX TDF2030액티브 적격,433970
KTis,058860
동일산업,004890
RISE 미국S&P500(H),453330
콘텐트리중앙,036420
메리츠 KAP 통안채 6개월 ETN,610064
KIWOOM 200선물레버리지,253250
영보화학,014440
팜스코,036580
미래에셋 레버리지 코스닥150 선물 ETN,520056
AK홀딩스,006840
인지컨트롤스,023800
한국수출포장,002200
종근당바이오,063160
DAISHIN343 K200,434960
대영포장,014160
테이팩스,055490
태양금속,004100
한신기계,011700
삼원강재,023000
SOL 반도체전공정,475300
KODEX 코스피대형주,337140
PLUS 국고채10년액티브,461460
동일고무벨트,163560
NI스틸,008260
PLUS 200선물레버리지,253150
크라운해태홀딩스,005740
DRB동일,004840
TIGER 글로벌온디바이스AI,480310
조흥,002600
웅진씽크빅,095720
미래에셋 레버리지 은 선물 ETN B,520092
RISE 코스닥150선물레버리지,278240
HANARO Fn조선해운,441540
일신석재,007110
TIGER 미디어컨텐츠,228810
WON 미국우주항공방산,440910
N2 방위산업 Top5 ETN,550091
WON 미국S&P500,444490
N2 코스피 200 TR ETN,550084
동방아그로,007590
KoAct AI인프라액티브,487130
신일전자,002700
미래에셋 레버리지 KRX 금현물 ETN,520087
삼부토건,001470
KIWOOM 미국나스닥100(H),453080
삼성 코리아 밸류업 TR ETN,530126
CS홀딩스,000590
ACE 미국30년국채엔화노출액티브(H),476750
TIGER 배당성장,211560
WON 국공채머니마켓액티브,458030
TP,007980
TIGER AI코리아그로스액티브,365040
일동홀딩스,000230
우신시스템,017370
HK 200,491700
TIGER 코스피고배당,210780
N2 레버리지 금 선물 ETN(H),550062
한투 코스피양매도5%OTM ETN,570019
유한양행우,000105
휴니드,005870
TIGER 코스피대형주,277640
동인기연,111380
미래에셋 2X 미국 테크&반도체 TOP3 ETN,520081
HLB글로벌,003580
태경케미컬,006890
TIGER 여행레저,228800
SK이노베이션우,096775
ACE 8월만기자동연장회사채AA-이상액티브,475280
RISE 미국반도체NYSE,469060
RISE 2차전지TOP10,465330
한솔로지스틱스,009180
삼성 레버리지 나스닥 100 TR ETN,530115
지엠비코리아,013870
메리츠 레버리지 금 선물 ETN(H),610012
TIGER 인도빌리언컨슈머,479730
KB Wise 분할매매 ETN,580010
삼성 KRX 금현물 ETN,530067
삼호개발,010960
사조오양,006090
HANARO 글로벌금채굴기업,473640
성창기업지주,000180
KODEX 헬스케어,266420
ACE 레버리지,152500
미래에셋 미국 테크&반도체 TOP3 ETN,520080
남광토건,001260
제일연마,001560
CJ씨푸드,011150
국제약품,002720
PLUS 국채선물3년,298340
DSR제강,069730
인바이오젠,101140
SOL 반도체후공정,475310
아이티센씨티에스,031820
RISE 버크셔포트폴리오TOP10,475350
한투 일본종합상사TOP5 ETN,570100
신한 인버스2X 천연가스 선물 ETN B,500096
화천기공,000850
ACE 단기채권알파액티브,440640
대현,016090
에이프로젠,007460
HANARO 종합채권(AA-이상)액티브,461500
팜젠사이언스,004720
HANARO 머니마켓액티브,486830
RISE 미국AI테크액티브,495940
키움 미국달러선물 ETN B,760018
TIGER 미국배당다우존스타겟커버드콜1호,458750
삼성 인버스0.5X S&P500 VIX S/T선물 ETN B,530131
대림바스,005750
까뮤이앤씨,013700
휴비스,079980
엔케이,085310
신한 S&P500 VIX S/T 선물 ETN E,500095
NH프라임리츠,338100
한투 레버리지은선물 ETN,570061
TIGER 글로벌4차산업혁신기술(합성 H),275980
한국특강,007280
코리아써우,007815
메리츠 KAP 통안채 3개월 ETN,610066
삼정펄프,009770
KODEX 메타버스액티브,401470
한투 인버스2XWTI원유선물 ETN B,570117
남양유업우,003925
KIWOOM 단기채권ESG액티브,419890
아모레퍼시픽홀딩스우,002795
코오롱인더우,120115
미래에셋 인버스 2X 코스피200 선물 ETN B,520102
ACE 미국하이일드액티브(H),455660
일성건설,013360
KODEX 미국달러선물,261240
SOL 국고채3년,438560
PLUS TDF2060액티브 적격,433880
한국내화,010040
DSR,155660
신한 레버리지 다우존스지수 선물 ETN(H),500020
삼성출판사,068290
KODEX 친환경조선해운액티브,445150
TIGER 인버스,123310
하나 Solactive US Tech Top 10 ETN(H),700022
TIGER 차이나전기차레버리지(합성),456680
PLUS 200TR,491220
유유제약,000220
RISE 미국달러SOFR금리액티브(합성),455960
비상교육,100220
신한 블룸버그 인버스2X WTI원유선물 ETN B,500094
동원금속,018500
KB 레버리지 미국 나스닥 100 TR ETN B,580076
미래에셋 CAPE 실러 US Core Sector ETN,520089
HANARO Fn전기&수소차,381560
KODEX 차이나AI테크액티브,428510
TIGER 코스닥150바이오테크,261070
KODEX 미국S&P500헬스케어,453640
화천기계,010660
깨끗한나라,004540
디와이덕양,024900
KIWOOM 국고채3년,114470
하이스틸,071090
신송홀딩스,006880
미래에셋 코스피200 선물 ETN,520037
PLUS 단기채권액티브,278620
KODEX 차이나심천ChiNext(합성),256750
호전실업,111110
혜인,003010
무림페이퍼,009200
평화홀딩스,010770
WON 종합채권(AA-이상)액티브,488720
진양산업,003780
TIGER TSMC파운드리밸류체인,453950
KODEX WTI원유선물(H),261220
모나리자,012690
RISE 메타버스,401170
KODEX 보험,140700
KB S&P 레버리지 WTI원유 선물 ETN B,580068
ACE ESG액티브,385590
신한 블룸버그 레버리지 WTI원유선물 ETN B,500093
하나 S&P 레버리지 WTI원유 선물 ETN B,700029
오리엔트바이오,002630
삼성 블룸버그 레버리지 WTI원유선물 ETN B,530133
미래에셋글로벌리츠,396690
DYP,092780
유엔젤,072130
TIGER 미국방산TOP10,494840
삼일씨엔에스,004440
화승알앤에이,378850
삼성 레버리지 S&P500 선물 ETN,530113
KoAct 글로벌친환경전력인프라액티브,475070
써니전자,004770
인터지스,129260
메리츠 3X 레버리지 미국채30년 ETN,610078
SG세계물산,004060
TIGER 중국소비테마,150460
기신정기,092440
KODEX 미국S&P500에너지(합성),218420
HANARO 글로벌생성형AI액티브,461340
롯데칠성우,005305
TIGER 미국S&P500레버리지(합성 H),225040
KB S&P 인버스 2X WTI원유 선물 ETN B,580069
ACE 미국주식베스트셀러,473590
삼성 인버스 2X WTI원유 선물 ETN,530036
메리츠 3X 레버리지 국채30년 ETN,610061
KODEX 우량주,275300
우성,006980
KODEX 200롱코스닥150숏선물,360140
KODEX 글로벌로봇(합성),276990
금호에이치티,214330
조비,001550
새론오토모티브,075180
범양건영,002410
현대건설우,000725
KODEX 미국S&P500산업재(합성),200030
파워 코스피100,140950
덕성,004830
KODEX 일본TOPIX100,101280
한투 일본니케이225선물 ETN(H),570104
한컴라이프케어,372910
BYC우,001465
FOCUS AI코리아액티브,448570
삼화왕관,004450
미래에셋 미국 AI TOP3 ETN,520072
대구백화점,006370
성문전자,014910
서원,021050
메리츠 레버리지 WTI원유 선물 ETN(H),610088
RISE 미국30년국채커버드콜(합성),472830
미래에셋-0.5X S&P500 VIX S/T선물 ETN(H)B,520086
케이비아이동국실업,001620
일진디스플,020760
PLUS 글로벌희토류&전략자원생산기업,415920
RISE 금융채액티브,336160
KB 일본 로보틱스 TOP 10 ETN,580056
보락,002760
KODEX 탄소효율그린뉴딜,375770
ACE 2월만기자동연장회사채AA-이상액티브,475260
삼성 레버리지 일본니케이225선물 ETN(H),530124
유안타증권우,003475
씨아이테크,004920
인팩,023810
N2 레버리지 은 선물 ETN(H),550064
유화증권우,003465
상신브레이크,041650
TIGER 차이나바이오테크SOLACTIVE,371470
씨케이솔루션,480370
SJM,123700
한화솔루션우,009835
TIGER Fn메타버스,400970
TIGER 미국AI반도체팹리스,491830
PLUS 미국나스닥테크,287180
KB 레버리지 FANG 플러스 ETN(H),580034
TIGER 인터넷TOP10,365000
SJM홀딩스,025530
부산산업,011390
한투 인버스2X나스닥100 ETN B,570103
RISE 국채선물10년인버스,295020
고려산업,002140
미래에셋 미국 방위산업 TOP3 ETN,520074
에셋플러스 글로벌플랫폼액티브,407830
ACE 주주환원가치주액티브,447430
유니온,000910
삼성 인버스 2X 은 선물 ETN,530143
한국종합기술,023350
한투 인버스2X은선물 ETN,570119
다스코,058730
HANARO K고배당,322410
평화산업,090080
대호에이엘,069460
ACE 코스피,305050
미래에셋맵스리츠,357250
유니온머티리얼,047400
ACE 미국30년국채선물레버리지(합성 H),452250
PLUS 미국채30년액티브,464470
KIWOOM 코스닥150,316670
SK디스커버리우,006125
부산주공,005030
ACE 5월만기자동연장회사채AA-이상액티브,475270
메리츠 레버리지 미국채30년 ETN(H),610038
삼화전자,011230
이엔플러스,074610
하나 반도체 ETN,700027
KODEX 미국S&P500금융,453650
KIWOOM KRX100,100910
미래에셋 미국 자율주행대표기업 ETN,520082
TIGER 금은선물(H),139320
SB성보,003080
RISE 2차전지TOP10인버스(합성),465350
인스코비,006490
IBK 200,472840
명문제약,017180
미래에셋 인버스 천연가스 선물 ETN B,520091
아진전자부품,009320
미래에셋 인버스 2X 코스닥150 선물 ETN,520057
유성기업,002920
KB 인버스 2X 미국 나스닥 100 TR ETN B,580077
신한 블룸버그 2X 천연가스 선물 ETN B,500102
한투 레버리지코스닥150선물 ETN,570081
KIWOOM 코리아테크TOP10,469790
금비,008870
전방,000950
미래에셋 미국 제약 TOP3 ETN,520078
TIGER 200선물인버스2X,252710
마이티 다이나믹퀀트액티브,442260
TIGER 글로벌AI사이버보안,418670
RISE 중국본토대형주CSI100,174360
TIGER 모멘텀,147970
BNK 온디바이스AI,487750
TIGER 한중반도체(합성),449690
ACE 미국달러단기채권액티브,440650
KIWOOM 글로벌AI반도체,473490
KODEX 아시아달러채권ESG플러스액티브,437070
ACE 애플밸류체인액티브,483420
PLUS 미국S&P500,429760
KB 인버스 2X 은 선물 ETN,580081
KODEX 차이나H,099140
RISE TDF2040액티브 적격,442560
미래에셋 레버리지 미국 AI TOP3 ETN,520073
조광페인트,004910
KIWOOM 코리아고배당,104530
KIWOOM 통안채1년,122260
TIGER 원유선물인버스(H),217770
영화금속,012280
엑시큐어하이트론,019490
TIGER 경기방어,139280
TIGER 우선주,261140
KIWOOM 미국원유에너지기업,474800
SOL 코스닥150,450910
에셋플러스 코리아대장장이액티브,442090
TIGER 일본엔선물,292560
형지엘리트,093240
TIGER 글로벌비만치료제TOP2Plus,476690
KODEX 테슬라밸류체인FactSet,459560
N2 미국 IT TOP5 ETN(H),550041
신한 코스피 200 TR ETN,500085
SOL 자동차소부장Fn,464600
광명전기,017040
경인전자,009140
서울식품,004410
PLUS 글로벌방산,496770
한투 레버리지나스닥100 ETN B,570102
삼성 코스닥 150 TR ETN,530118
ACE 일본TOPIX레버리지(H),196030
삼성 레버리지 코스닥150 선물 ETN,530106
한투 인버스2X코스닥150선물 ETN,570082
KODEX 구리선물(H),138910
KODEX 일본부동산리츠(H),352540
KODEX K콘텐츠,266360
KODEX 글로벌비만치료제TOP2 Plus,476070
신한글로벌액티브리츠,481850
이화산업,000760
키움 INDXX 미국테크탑10 ETN,760005
문배철강,008420
갤럭시아에스엠,011420
키움 레버리지 전력 TOP5 ETN,760026
HANARO e커머스,322400
KIWOOM 코스피100,153270
KODEX 차이나2차전지MSCI(합성),419430
메리츠 인버스 2X 은 선물 ETN(H),610101
미래에셋 2X 홍콩H 선물 ETN,520068
한투 레버리지플래티넘선물 ETN,570069
신한 레버리지 미국달러 선물 ETN,500035
미래에셋 인버스 2X 옥수수 선물 ETN,520047
하나 레버리지 코스닥150 선물 ETN,700017
RISE 5대그룹주,105780
KODEX iShares미국투자등급회사채액티브,468630
유니켐,011330
진양화학,051630
KODEX 아시아AI반도체exChina액티브,446690
KB 레버리지 금 선물 ETN(H),580022
온타이드,005320
TIGER 미국달러선물인버스2X,261120
RISE 코리아금융고배당,498860
ACE 일본Nikkei225(H),238720
부국철강,026940
파워 고배당저변동성,192720
KODEX 모멘텀주,275280
미래에셋 레버리지 미국 방위산업 TOP3 ETN,520075
DL우,000215
우진플라임,049800
에이프로젠바이오로직스,003060
화인베스틸,133820
KODEX Top10동일가중,395170
KB 레버리지 화웨이 밸류체인 ETN,580073
한투 인버스2X천연가스선물 ETN B,570118
KODEX 자율주행액티브,385520
인디에프,014990
미래아이앤지,007120
미래에셋 천연가스 선물 ETN B,520090
메리츠 3X 레버리지 미국채10년 ETN,610075
RISE V&S셀렉트밸류채권혼합,241390
PLUS 미국S&P500성장주,494410
TIGER 글로벌이노베이션액티브,387270
케이탑리츠,145270
메리츠 국채30년 ETN,610007
TBH글로벌,084870
WON 대한민국국고채액티브,426150
디와이에이,002880
신한 레버리지 구리 선물 ETN,500040
TIGER 코스닥150IT,261060
보해양조,000890
KIWOOM 미국성장기업30액티브,459790
시디즈,134790
RISE 글로벌테크놀로지(합성 H),276650
세방우,004365
메리츠 인버스 2X WTI원유 선물 ETN(H),610089
KODEX 미국S&P500배당귀족커버드콜(합성 H),276970
KODEX 미국부동산리츠(H),352560
삼성 S&P500 VIX S/T 선물 ETN B,530130
에쓰씨엔지니어링,023960
KB 레버리지 2차전지 TOP 10 TR ETN,580070
미래에셋 -1.5X 천연가스 선물 ETN,520077
세우글로벌,013000
한투 레버리지베트남VN30선물 ETN(H),570065
삼성 KRX 레버리지 2차전지 TOP10 TR ETN,530138
ACE 글로벌자율주행액티브,414270
KODEX 미국테크TOP3플러스,491090
HANARO Fn K-POP&미디어,395290
SOL 미국30년국채액티브(H),461600
KODEX 한중반도체(합성),450190
WON 미국빌리어네어,489290
ACE 코리아AI테크핵심산업,380340
RISE 200채권혼합50,183700
세기상사,002420
KODEX MSCI Korea,156080
TIGER 유로스탁스50(합성 H),195930
한투 레버리지구리선물 ETN,570072
삼성 iSelect 레버리지 조선 TOP10 TR ETN,530140
RISE 글로벌주식분산액티브,459750
TIGER 차이나HSCEI,245360
KODEX 미국달러선물레버리지,261250
삼성 코스피 200 TR ETN,530117
KODEX 200가치저변동,223190
KIWOOM 미국S&P500(H),449780
SG글로벌,001380
KODEX 국채선물10년인버스,176950
SOL 차이나육성산업액티브(합성),415760
대신 레버리지 미국달러 선물 ETN,510044
SOL 미국배당다우존스2호,493420
RISE 글로벌리얼티인컴,475380
KB 차이나 중형주 CSI 500 ETN,580049
금호전기,001210
원림,005820
신풍,002870
마니커,027740
KODEX 차이나과창판STAR50(합성),415340
KODEX 가치주,275290
메리츠 KAP 레버리지 일본 엔화 ETN,610069
TIGER 유로스탁스배당30,245350
한화투자증권우,003535
진양폴리,010640
TREX 펀더멘탈 200,145850
TIGER 200 금융,139270
TIGER S&P글로벌헬스케어(합성),248270
미래에셋 레버리지 미국 제약 TOP3 ETN,520079
진도,088790
TIGER 200 에너지화학,139250
ACE 글로벌AI맞춤형반도체,494340
씨티알모빌리티,308170
KODEX 차이나H레버리지(H),204450
영흥,012160
KIWOOM K-2차전지북미공급망,488200
우성머티리얼스,011300
KODEX 3대농산물선물(H),271060
미래에셋 -2X 미국채울트라30년 선물 ETN,520065
미래에셋 2X 미국 자율주행대표기업 ETN,520083
티웨이홀딩스,004870
한솔홈데코,025750
ACE 아시아TOP50,277540
RISE 미국단기투자등급회사채액티브,437350
KB 차이나 대형주 CSI 300 ETN,580048
KB 화웨이 밸류체인 ETN,580072
ACE 코리아밸류업,496120
TIGER 일본반도체FACTSET,465660
SOL KRX300,292500
한투 FTSE100 ETN,570047
이건산업,008250
KODEX 인도타타그룹,477730
KODEX S&P글로벌인프라(합성),269420
마이티 코스피100,159800
대한방직,001070
MH에탄올,023150
하나 인버스 2X 옥수수 선물 ETN(H),700012
메타랩스,090370
KIWOOM 미국달러선물,138230
TIGER 200 헬스케어,227540
대림통상,006570
KR모터스,000040
KB 레버리지 BYD 밸류체인 ETN,580075
미래에셋 인버스 2X 은 선물 ETN B,520093
KoAct 미국천연가스인프라액티브,497780
KODEX 에너지화학,117460
RISE 미국반도체NYSE(H),469050
코아스,071950
RISE K엔터&여행레저,388280
동일제강,002690
WISCOM,024070
KCGI 미국S&P500 TOP10,483570
ACE MSCI인도네시아(합성),256440
플레이그램,009810
대신 인버스 2X 미국달러 선물 ETN,510045
한익스프레스,014130
코오롱우,002025
TIGER 차이나항셍테크레버리지(합성 H),438320
삼성 레버리지 미국다우존스 선물 ETN,530128
삼성 레버리지 항셍테크 TR ETN(H) B,530119
체시스,033250
신풍제약우,019175
KODEX 게임산업,300950
TIGER KRX300,292160
N2 레버리지 코스닥150 선물 ETN,550097
삼성 인버스 2X 나스닥 100 TR ETN,530116
신한 금 선물 ETN,500100
HANARO Fn K-뉴딜디지털플러스,368190
TIGER 200커버드콜,289480
우진아이엔에스,010400
KIWOOM 국고채10년레버리지,167860
SOL 200 Top10,411540
KB 일본 컨슈머 TOP 10 ETN,580057
메리츠 인버스 2X 대표 농산물 선물 ETN(H),610036
한창,005110
KODEX 200동일가중,252650
블루산업개발,006740
한성기업,003680
핸즈코퍼레이션,143210
키움 코스피200 선물 달러노출 ETN,760021
TREX 200,108590
HANARO 탄소효율그린뉴딜,375760
PLUS 글로벌수소&차세대연료전지,419650
TIGER 글로벌멀티에셋TIF액티브,440340
삼성 은 선물 ETN(H),530089
KODEX 혁신기술테마액티브,364690
SOL KIS단기통안채,363510
HK 베스트일레븐액티브,391670
N2 코스닥 150 TR ETN,550085
넥센타이어1우B,002355
RISE 미국30년국채액티브,481340
ACE 골드선물 레버리지(합성 H),225130
메리츠 미국채10년 ETN(H),610022
메리츠 레버리지 구리 선물 ETN(H),610028
N2 레버리지 구리 선물 ETN(H),550069
에셋플러스 글로벌대장장이액티브,433220
KODEX 철강,117680
신한 콩 선물 ETN(H),500023
TIGER 게임TOP10,364990
에이엔피,015260
키움 반도체TOP10 ETN,760012
KB BYD 밸류체인 ETN,580074
HANARO Fn5G산업,367740
SUN&L,002820
남성,004270
KODEX 미국러셀2000(H),280930
KODEX 멀티팩터,337120
동원수산,030720
대원전선우,006345
KB S&P 레버리지 은 선물 ETN(H),580026
RISE 중국본토CSI300,463300
모나미,005360
KODEX 코스닥글로벌,461450
KODEX KTOP30,229720
KODEX 국채선물10년,152380
TIGER MSCI KOREA ESG유니버설,289250
N2 선진국 1등주 ETN,550087
KODEX 기후변화솔루션,404260
메리츠 인플레이션 국채 ETN,610001
HANARO 코스닥150,304770
한투 코스피양매도3%OTM ETN,570029
삼성 레버리지 구리 선물 ETN(H),530063
N2 월간 레버리지 선진국 1등주 ETN,550088
호텔신라우,008775
키움 코스닥 150 TR ETN,760008
대한항공우,003495
KODEX 차이나A50,169950
ACE 2차전지&친환경차액티브,385600
메타케어,118000
KIWOOM 국고채30년액티브,471460
RISE 게임테마,300640
HANARO K-뷰티,479850
유니드비티플러스,446070
미래에셋 코스닥150 선물 ETN,520039
키움 인버스 미국달러선물 ETN,760004
TIGER 탄소효율그린뉴딜,376410
KODEX MSCI KOREA ESG유니버설,289040
한투 인버스은선물 ETN,570124
참엔지니어링,009310
TIGER MKF배당귀족,445910
삼성 금 선물 ETN(H),530083
대원화성,024890
한투 인버스0.5X S&P500 VIX S/T선물 ETN B,570115
하나 인버스 2X 반도체 ETN,700036
PLUS 선진국MSCI(합성 H),195970
HANARO KRX300,304760
하나 레버리지 K방산TOP10 ETN,700034
PLUS 일본엔화초단기국채(합성),489000
PLUS 일본반도체소부장,464920
메리츠 레버리지 미국채30년 스트립 ETN(H),610085
아센디오,012170
PLUS 미국테크TOP10레버리지(합성),461910
한국전자홀딩스,006200
KODEX 미국S&P바이오(합성),185680
TIGER 글로벌클라우드컴퓨팅INDXX,371450
TIGER 인도니프티50레버리지(합성),236350
KODEX 33-06 국고채액티브,457690
KB 솔랙티브 레버리지 천연가스 선물 ETN,580086
HANARO 반도체핵심공정주도주,476260
PLUS 우량회사채50,239660
RISE 200금융,284980
한세엠케이,069640
KB 레버리지 KOSDAQ 150 선물 ETN,580043
마스턴프리미어리츠,357430
TIGER KEDI혁신기업ESG30,417630
KODEX 대만테크고배당다우존스,487950
한창제지,009460
RISE 주식혼합,183710
RISE 국고채3년선물인버스,282000
KODEX 200 중소형,226980
키움 K방산 TOP5 ETN,760022
메리츠 인버스 국채3년 ETN,610047
RISE KRX300,292050
하나 레버리지 콩 선물 ETN(H),700013
KODEX iShares미국인플레이션국채액티브,468370
미래에셋 인버스 2X 반도체 ETN,520099
주연테크,044380
삼성 S&P500 TR ETN,530112
TIME K신재생에너지액티브,404120
RISE 헬스케어채권혼합,253290
한투 인버스금선물 ETN,570122
RISE 테슬라애플아마존채권혼합,449580
BNK 주주가치액티브,445690
KODEX 기계장비,102960
신한 33-12 국고채 플러스 ETN,500091
TIGER KTOP30,228820
PLUS 미국테크TOP10,461900
삼성 블룸버그 WTI원유 선물 ETN B,530132
ACE 마이크로소프트밸류체인액티브,483330
TIGER 퓨처모빌리티액티브,387280
한국주강,025890
KB 인도 대형 성장주 Select 5 ETN,580066
SH에너지화학,002360
신한 인버스 2X 코스닥 150 선물 ETN,500072
키움 레버리지 K방산 TOP5 ETN,760023
TIGER 은행,091220
메리츠 국채10년 ETN,610018
이스타코,015020
대상우,001685
메리츠 레버리지 멕시코 페소화 ETN,610081
PLUS 국고채30년액티브,451600
KB 인버스 2X 밀 선물 ETN,580052
미래에셋 1.5X 천연가스 선물 ETN,520076
한투 구리선물 ETN,570071
KB 인도 디지털 Select 5 ETN,580067
PLUS 코스피,227830
한투 금선물 ETN,570121
PLUS 미국장기우량회사채,332620
에셋플러스 글로벌일등기업포커스10액티브,477490
RISE TDF2030액티브 적격,442550
STX그린로지스,465770
KODEX 200exTOP,337150
ACE 중국과창판STAR50,416090
메리츠 WTI원유 선물 ETN(H),610087
미래에셋 S&P500 VIX S/T 선물 ETN(H),520088
RISE 미국S&P배당킹,460660
메리츠 미국 인플레이션 국채 ETN(H),610003
WON AI ESG액티브,413930
KB 차이나 과창판 STAR 50 ETN,580050
미래에셋 1.5X S&P500 VIX S/T선물 ETN,520097
RISE 미국S&P원유생산기업(합성 H),219390
KODEX 미국S&P500필수소비재,453630
키움 조선TOP10 ETN,760017
PLUS 미국다우존스고배당주(합성 H),213630
KIWOOM 블루칩,104520
PLUS 미국배당증가성장주데일리커버드콜,494420
녹십자홀딩스2우,005257
KB 인버스 2X 천연가스 선물 ETN B,580071
ACE MSCI멕시코(합성),291130
TIGER 이머징마켓MSCI레버리지(합성 H),225060
TIGER 차이나클린에너지SOLACTIVE,396510
TIGER MSCI KOREA ESG리더스,289260
SOL KRX기후변화솔루션,404650
KODEX 인도Nifty50레버리지(합성),453820
윌비스,008600
KC그린홀딩스,009440
삼성 나스닥 100 TR ETN,530120
삼성 일본니케이225선물 ETN(H),530123
TIGER 원유선물Enhanced(H),130680
키움 레버리지 바이오TOP10 ETN,760015
RISE 글로벌수소경제,417450
비비안,002070
PLUS 애플채권혼합,447660
에셋플러스 차이나일등기업포커스10액티브,474920
KODEX 미국클린에너지나스닥,419420
HANARO 미국S&P500,432840
ACE 일본반도체,469160
TIGER 글로벌자원생산기업(합성 H),276000
PLUS KOFR금리,453010
메리츠 인버스 2X 미국채30년 ETN(H),610040
파워 K-주주가치액티브,491510
메리츠 KAP 레버리지 중국 위안화 ETN,610072
RISE 차이나HSCEI(H),250730
ACE 삼성그룹동일가중,131890
TIGER 일본TOPIX(합성 H),195920
삼성 인버스 2X 미국다우존스 선물 ETN,530129
ACE 미국IT인터넷(합성 H),280320
RISE 우량업종대표주,140580
TIGER 200동일가중,252000
KODEX 유럽탄소배출권선물ICE(H),400570
KODEX 국채선물3년인버스,292770
LX하우시스우,108675
RISE V&S셀렉트밸류,234310
한투 은선물 ETN,570123
메리츠 레버리지 국채30년 ETN,610008
KODEX 코스닥150롱코스피200숏선물,360150
TIME K컬처액티브,410870
SHD,001770
태원물산,001420
ACE 러시아MSCI(합성),265690
TRUSTON 주주가치액티브,472720
메리츠 인버스 2X 미국채10년 ETN(H),610025
에넥스,011090
KB 인버스 2X 콩 선물 ETN,580054
신한 레버리지 Russell 2000 ETN B,500097
키움 인버스 2X 전력 TOP5 ETN,760027
메리츠 인버스 국채30년 ETN,610009
넥센우,005725
신한 인버스 콩 선물 ETN(H),500024
한투 베트남VN30선물 ETN(H),570063
대교우B,019685
RISE 차이나항셍테크,371150
KODEX 모멘텀Plus,244620
SOL 의료기기소부장Fn,464610
한투 인버스일본니케이225선물 ETN(H),570105
삼성 인버스 코스피 200 선물 ETN,530092
한투 인버스2X엔달러 선물 ETN(H),570099
MIDAS 일본테크액티브,488290
ACE 국고채3년,114460
KODEX 코리아혁신성장액티브,373490
하이트진로2우B,000087
PLUS 주도업종,280920
PLUS S&P글로벌인프라,269530
미래에셋 2X 미국채울트라30년 선물 ETN,520064
삼성 KRX 2차전지 TOP10 TR ETN,530137
KODEX 경기소비재,266390
ACE 글로벌브랜드TOP10,435040
삼성 iSelect 조선 TOP10 TR ETN,530139
메리츠 멕시코 페소화 ETN,610080
KODEX 미국S&P500경기소비재,453660
ACE 차이나항셍테크,371870
삼성 구리 선물 ETN(H),530095
TRUSTON 코리아밸류업액티브,496130
메리츠 인버스 미국채30년 ETN(H),610039
KB 레버리지 항셍테크 선물 ETN(H) B,580047
TIME K이노베이션액티브,385710
PLUS 코스닥150,301400
TIGER K게임,300610
TIGER 미국달러선물레버리지,261110
PLUS ESG성장주액티브,395760
HANARO 32-10 국고채액티브,448490
SOL 머니마켓액티브,484890
RISE 미국고정배당우선증권,354240
대한제당우,001795
KB 레버리지 미국 S&P500 선물 ETN B,580083
메리츠 KAP 중국 위안화 ETN,610071
KODEX 미국ETF산업Top10 Indxx,428560
KB 인버스 은 선물 ETN,580080
TIGER S&P글로벌인프라(합성),269370
KODEX 최소변동성,279540
KB 인버스 2X KOSPI 200 선물 ETN B,580088
KB 코스닥 150 TR ETN,580065
에셋플러스 코리아플랫폼액티브,407820
TIGER 미국캐시카우100,465670
PLUS 미국단기회사채(AAA~A),332610
KODEX 미국S&P500유틸리티,463640
KoAct 반도체&2차전지핵심소재액티브,482030
삼성 항셍테크 TR ETN(H) B,530121
메리츠 인버스 미국채10년 ETN(H),610024
N2 레버리지 천연가스 선물 ETN,550099
RISE 배터리 리사이클링,446700
HANARO Fn K-푸드,438900
KIWOOM 글로벌전력GRID인프라,489860
삼성 미국다우존스 TR ETN,530127
TIGER 농산물선물Enhanced(H),137610
신한 인버스 코스닥 150 선물 ETN,500063
RISE 글로벌클린에너지,399580
신한 코스닥 150 TR ETN,500086
하나 인버스 2X 콩 선물 ETN(H),700014
TIGER 코스닥글로벌,461580
RISE 유로스탁스50(H),379790
메리츠 미국채10년 ETN,610074
KODEX 53-09 국고채액티브,457700
HANARO 바이오코리아액티브,498050
메리츠 인버스 3X 일본 국채 10년 ETN,610093
KODEX 미국나스닥100선물인버스(H),409810
KODEX 필수소비재,266410
TIME 글로벌소비트렌드액티브,494180
TIGER 한중전기차(합성),449680
미래에셋 -2X 미국 AI TOP3 ETN,520085
HANARO KOFR금리액티브(합성),453060
KB 레버리지 구리 선물 ETN(H),580032
하나 레버리지 천연가스 선물 ETN(H),700031
에셋플러스 글로벌영에이지액티브,451150
메리츠 인버스 3X 국채30년 ETN,610062
KODEX 미국S&P500커뮤니케이션,463690
메리츠 인버스 국채10년 ETN,610020
KB 미국채 10년 ETN,580059
KODEX 운송,140710
하나 S&P 인버스 2X WTI원유 선물 ETN B,700030
UNICORN R&D 액티브,433250
메리츠 미국채30년 ETN,610077
PLUS 고배당저변동50,251590
KIWOOM TDF2050액티브 적격,435550
KIWOOM 미국달러선물레버리지,225800
RISE 중장기국공채액티브,272570
한양증권우,001755
ACE 인도컨슈머파워액티브,487910
KB 레버리지 미국채 10년 ETN,580060
HANARO 글로벌럭셔리S&P(합성),354350
메리츠 국채5년 ETN,610049
TIGER 200커버드콜OTM,166400
TIME 글로벌바이오액티브,485810
삼양사우,145995
메리츠 국채3년 ETN,610045
KODEX 유럽명품TOP10 STOXX,456250
KIWOOM 물가채KIS,430500
KIWOOM 미국달러SOFR금리액티브(합성),460270
한투 유럽탄소배출권선물 ETN(H),570074
메리츠 인버스 3X 국채10년 ETN,610060
메리츠 S&P 유럽탄소배출권 선물 ETN(H),610030
KB 인버스 2X 미국채 10년 선물 ETN,580064
TIGER 라틴35,105010
하나 인버스 2X K방산TOP10 ETN,700035
RISE 글로벌데이터센터리츠(합성),375270
한투 S&P500 VIX S/T선물 ETN(H) B,570114
메리츠 인버스 일본 국채 10년 ETN,610092
KB 레버리지 은 선물 ETN,580079
삼성 인버스 2X 구리 선물 ETN(H),530064
메리츠 레버리지 천연가스 선물 ETN(H),610095
한투 인버스2X일본니케이225선물 ETN(H),570107
KB 미국채 30년 ETN,580061
KB 레버리지 밀 선물 ETN,580051
대상홀딩스우,084695
계양전기우,012205
RISE 수출주,140570
메리츠 레버리지 인도 루피화 ETN,610083
미래에셋 인버스 코스닥150 선물 ETN,520040
미래에셋 인버스 코스피200 선물 ETN,520038
TIGER 차이나항셍30,117690
TIGER KRX기후변화솔루션,404540
메리츠 인도 루피화 ETN,610082
KB 솔랙티브 천연가스 선물 ETN,580085
신한 블룸버그 천연가스 선물 ETN,500101
메리츠 인버스 3X 미국채30년 ETN,610079
메리츠 KAP 일본 엔화 ETN,610068
메리츠 3X 레버리지 국채3년 ETN,610055
KB 레버리지 미국채 10년 선물 ETN,580063
NPC우,004255
메리츠 인버스2X 미국채30년 스트립 ETN(H),610086
TIGER 미국나스닥넥스트100,429010
메리츠 인버스 3X 국채5년 ETN,610058
메리츠 인버스 국채5년 ETN,610051
RISE 중국MSCI China(H),310080
N2 인버스 2X 천연가스 선물 ETN,550100
SOL 한국형글로벌전기차&2차전지액티브,429980
메리츠 인버스 3X 미국채10년 ETN,610076
RISE 200고배당커버드콜ATM,290080
메리츠 인버스 3X 국채3년 ETN,610056
신한 인버스 2X 다우존스지수 선물 ETN(H),500028
메리츠 인버스 2X 천연가스 선물 ETN(H),610096
메리츠 3X 레버리지 국채5년 ETN,610057
일정실업,008500
하나 인버스 2X 천연가스 선물 ETN(H),700032
ACE 미국부동산리츠(합성 H),181480
KODEX 웹툰&드라마,395150
삼성 중국 자동차 TOP5 TR ETN(H),530141
메리츠 레버리지 은 선물 ETN(H),610100
태양금속우,004105
메리츠 미국채30년 풋라이트 ETN(H),610098
HANARO Fn친환경에너지,381570
키움 리츠부동산인프라 ETN,760019
KB 솔랙티브 인버스 천연가스 선물 ETN,580087
PLUS ESG가치주액티브,395750
SK증권우,001515
KODEX 미국스마트모빌리티S&P,390400
삼성 인버스 2X S&P500 선물 ETN,530114
한투 인도네시아대표원자재 ETN,570085
한투 인버스2X일본엔선물 ETN,570096
TIGER 경기방어채권혼합,237440
미래에셋 레버리지 옥수수 선물 ETN,520046
메리츠 KAP 인버스 2X 일본 엔화 ETN,610070
메리츠 레버리지 대표 농산물 선물 ETN(H),610035
한투 일본엔선물 ETN C,570094
JW중외제약2우B,001067
PLUS 심천차이넥스트(합성),256450
메리츠 일본 국채 10년 ETN,610090
SOL 미국500타겟데일리커버드콜액티브,494210
메리츠 미국채30년스트립 커버드콜 ETN(H),610097
하나 K방산TOP10 ETN,700033
KODEX 한중전기차(합성),450180
ACE 인도시장대표BIG5그룹액티브,487920
KB 레버리지 미국채 30년 ETN,580062
BNK 2차전지양극재,466810
다이나믹디자인,145210
SOL 미국S&P500엔화노출(H),499150
키움 레버리지 리츠부동산인프라 ETN,760020
ACE 글로벌빅파마,497510
KIWOOM TDF2040액티브 적격,435540
BNK 미래전략기술액티브,457930
KIWOOM 미국달러선물인버스2X,230480
메리츠 미국채30년 스트립 ETN(H),610084
한투 레버리지미국채30년 ETN,570109
TIGER 코스닥150선물인버스,250780
HANARO Fn K-게임,395280
TIGER 로우볼,174350
한투 3X레버리지미국채30년 ETN,570111
메리츠 천연가스 선물 ETN(H),610094
유유제약1우,000225
RISE KQ고배당,270800
메리츠 3X 레버리지 국채10년 ETN,610059
HANARO Fn K-메타버스MZ,402460
TIGER 리츠부동산인프라채권,341850
N2 레버리지 국채10년 ETN,550095
WON 한국부동산TOP3플러스,480460
TIGER 200 경기소비재,139290
키움 전력 TOP5 ETN,760025
FOCUS ESG리더스,285690
신한 인버스 2X 10년 국채선물 ETN,500068
KIWOOM TDF2030액티브 적격,435530
RISE 헬스케어,253280
KB S&P 유럽탄소배출권 선물 ETN(H),580035
HK S&P코리아로우볼,215620
ACE 일라이릴리밸류체인,497520
RISE 글로벌농업경제,437370
미래에셋 -2X 미국 자율주행대표기업 ETN,520084
한투 레버리지일본엔선물 ETN C,570095
MIDAS 중소형액티브,438740
에셋플러스 글로벌다이나믹시니어액티브,462340
HANARO 200 TOP10,407310
메리츠 대표 농산물 선물 ETN(H),610034
메리츠 3X 레버리지 일본 국채 10년 ETN,610091
TIGER 단기선진하이일드(합성 H),182490
삼성 인버스 China A50 선물 ETN(H) B,530135
코오롱글로벌우,003075
KB 은 선물 ETN,580078
ACE 중국본토CSI300레버리지(합성),219900
RISE 내수주플러스,326230
RISE 일본섹터TOP4Plus,488480
한투 인버스나스닥100 ETN B,570101
한투 엔달러선물 ETN(H),570097
KB 레버리지 콩 선물 ETN,580053
RISE 중소형고배당,281990
PLUS 글로벌MSCI(합성 H),189400
삼성 중국 AI 테크 TOP5 TR ETN(H),530142
JW중외제약우,001065
KB 인버스 2X 미국 S&P500 선물 ETN B,580084
삼성 인버스 은 선물 ETN(H),530090
성신양회우,004985
키움 KPOP ETN,760006
키움 인버스 2X 반도체TOP10 ETN,760028
하나 레버리지 옥수수 선물 ETN(H),700011
메리츠 은 선물 ETN(H),610099
SOL 글로벌탄소배출권선물ICE(합성),400590
신한 인버스 2X Russell 2000 ETN B,500098
KODEX K-뉴딜디지털플러스,368680
TIGER 우량가치,227570
PLUS 미국달러SOFR금리액티브(합성),456200
TIGER 차이나CSI300인버스(합성),217780
한투 인버스2X유로스탁스50 ETN(H) B,570092
ACE 싱가포르리츠,316300
KODEX 미국30년국채울트라선물인버스(H),304670
삼성 인버스 2X 금 선물 ETN(H),530056
KODEX 밸류Plus,244670
한투 인버스2X구리선물 ETN,570073
덕성우,004835
SOL 차이나태양광CSI(합성),413220
PLUS K리츠,429740
키움 2차전지산업 ETN,760010
미래에셋 -2X 홍콩H 선물 ETN(H),520069
노루홀딩스우,000325
RISE 국채30년레버리지(합성),451670
KIWOOM 미국달러선물인버스,139660
TIGER 200 철강소재,139240
신한 레버리지 10년 국채선물 ETN,500067
삼성 인버스 구리 선물 ETN(H),530096
신한 인버스 코스피 200 선물 ETN,500061
HANARO Fn골프테마,407300
한투 인버스유로스탁스50 ETN(H) C,570091
N2 인버스 2X 코스닥150 선물 ETN,550098
메리츠 KAP 인버스 2X 중국 위안화 ETN,610073
신한 인버스 2X 미국달러 선물 ETN,500036
대신 인버스 천연가스 선물 ETN(H) B,510043
HANARO 농업융복합산업,314700
JK리버스톤리츠,204210
TIGER 미국나스닥100ETF선물,483240
ACE 미국친환경그린테마,391600
KB 인버스 2X KOSDAQ 150 선물 ETN,580044
N2 레버리지 국채30년 ETN,550096
KIWOOM 의료AI,483020
메리츠 레버리지 미국채10년 ETN(H),610023
한투 레버리지국채30년 ETN,570108
HANARO 글로벌탄소배출권선물ICE(합성),401590
KODEX MSCI EM선물(H),291890
삼성 인버스 코스닥 150 선물 ETN,530094
PLUS 국채선물10년,289670
삼성 인버스 2X 항셍테크 TR ETN(H) B,530122
한투 레버리지엔달러선물 ETN(H),570098
한투 인버스베트남VN30선물 ETN(H),570064
대신 인버스 2X 코스닥 150 선물 ETN,510027
RISE 글로벌비만산업TOP2+,476310
키움 바이오TOP10 ETN,760014
TIGER 200에너지화학레버리지,243890
SOL 차이나강소기업CSI500(합성 H),220130
KIWOOM 코스닥150선물레버리지,291630
KODEX 콩선물(H),138920
SOL 국고채30년액티브,474390
KIWOOM 독일DAX,411860
RISE 국채선물3년,432600
삼성 인버스 2X 은 선물 ETN(H),530062
ACE MSCI필리핀(합성),261920
RISE 미국장기국채선물인버스(H),267450
SOL 유럽탄소배출권선물S&P(H),400580
KIWOOM 미국블록버스터바이오테크의약품+,483030
RISE 미국달러선물인버스,469530
KODEX 멀티에셋하이인컴(H),321410
N2 인버스 레버리지 구리 선물 ETN(H),550070
한투 인버스2X베트남VN30 선물 ETN(H),570066
노루페인트우,090355
RISE 국채선물10년,295000
RISE 인도디지털성장,498610
삼성 인버스 금 선물 ETN(H),530084
한투 인버스2X금선물 ETN,570060
KoAct 미국치매&뇌질환치료제액티브,490330
메리츠 인버스 2X 구리 선물 ETN(H),610029
삼성 코스피 양매도 5% OTM ETN,530060
TIGER 의료기기,307510
삼성 인버스 2X 일본니케이225선물 ETN(H),530125
RISE 미국장기국채선물(H),267440
TIGER 200커뮤니케이션서비스,315270
KIWOOM K-반도체북미공급망,488210
하이트진로홀딩스우,000145
신한 인버스 2X 구리 선물 ETN,500041
PLUS 중형주저변동50,266550
ACE 일본TOPIX인버스(합성 H),205720
태영건설우,009415
KODEX 퀄리티Plus,244660
KIWOOM 미국방어배당성장나스닥,373790
TIGER 유로스탁스레버리지(합성 H),225050
키움 인버스 2X K방산 TOP5 ETN,760024
TIGER 코스피중형주,277650
흥국화재우,000545
TIGER 미국S&P500선물인버스(H),225030
ACE 인버스,145670
N2 인버스 레버리지 WTI원유 선물 ETN(H),550043
RISE 200선물인버스2X,252420
ACE Fn성장소비주도주,226380
TIGER 200 산업재,227550
RISE 팔라듐선물(H),334690
PLUS 스마트베타Quality채권혼합,238670
동원시스템즈우,014825
HANARO 코스닥150선물레버리지,306530
UNICORN 생성형AI강소기업액티브,470310
RISE 차이나H선물인버스(H),291680
한투 3X레버리지국채30년 ETN,570110
RISE 국채선물5년추종,397420
크라운해태홀딩스우,005745
N2 인버스 레버리지 금 선물 ETN(H),550063
RISE 미국장기국채선물레버리지(합성 H),267490
메리츠 인버스 2X 금 선물 ETN(H),610013
금강공업우,014285
RISE AI플랫폼,427120
한투 인버스2XS&P500선물 ETN(H),570023
동부건설우,005965
깨끗한나라우,004545
PLUS 글로벌AI인프라,489010
일양약품우,007575
금호건설우,002995
유유제약2우B,000227
KIWOOM 차이나내수소비TOP CSI,454180
RISE 200선물인버스,252410
UNICORN 포스트IPO액티브,476000
HANARO 글로벌워터MSCI(합성),424460
남선알미우,008355
KIWOOM 200선물인버스2X,253230
KODEX 골드선물인버스(H),280940
동양우,001525
신한 인버스 2X S&P500 선물 ETN,500051
진흥기업우B,002785
KIWOOM 코스닥150선물인버스,291620
에이리츠,140910
성문전자우,014915
TIGER 200 생활소비재,227560
RISE 미국반도체인버스(합성 H),491630
KB 인버스 2X 구리 선물 ETN(H),580033
진흥기업2우B,002787
PLUS 200선물인버스2X,253160
동양2우B,001527
RISE 팔라듐선물인버스(H),334700
RISE 코스닥150선물인버스,275750
하나 인버스 2X 코스닥150 선물 ETN,700018
한투 인버스2X플래티넘선물 ETN,570070
ACE 미국빅테크TOP7 Plus인버스(합성),465620
CJ씨푸드1우,011155
KB 인버스 2X 금 선물 ETN(H),580023
KIWOOM 200선물인버스,253240
서울식품우,004415
신한 인버스 2X 은 선물 ETN(H),500030
HANARO 200선물인버스,306520
TIGER BBIG레버리지,412560
신한 인버스 2X 금 선물 ETN,500038
VITA MZ소비액티브,422260
PLUS 코스닥150선물인버스,301410
알테오젠,196170
에코프로비엠,247540
에코프로,086520
레인보우로보틱스,277810
주성엔지니어링,036930
코오롱티슈진,950160
리노공업,058470
HLB,028300
삼천당제약,000250
원익IPS,240810
펩트론,087010
이오테크닉스,039030
파두,440110
에이비엘바이오,298380
리가켐바이오,141080
로보티즈,108490
서진시스템,178320
HPSP,403870
케어젠,214370
ISC,095340
디앤디파마텍,347850
피에스케이,319660
보로노이,310210
현대무벡스,319400
심텍,222800
유진테크,084370
성호전자,043260
제주반도체,080220
휴젤,145020
티씨케이,064760
파마리서치,214450
클래시스,214150
올릭스,226950
테스,095610
대한광통신,010170
솔브레인,357780
피에스케이홀딩스,031980
동진쎄미켐,005290
하나마이크론,067310
펄어비스,263750
두산테스나,131970
에스티팜,237690
엘앤씨바이오,290650
우리기술,032820
실리콘투,257720
비츠로셀,082920
에스피지,058610
RFHIC,218410
티에스이,131290
네이처셀,007390
미래에셋벤처투자,100790
고영,098460
테크윙,089030
비에이치아이,083650
파크시스템스,140860
셀트리온제약,068760
JYP Ent.,035900
메지온,140410
원익홀딩스,030530
대주전자재료,078600
브이엠,089970
에스엠,041510
기가비스,420770
태성,323280
에스에이엠티,031330
오스코텍,039200
스피어,347700
LS마린솔루션,060370
씨젠,096530
큐리옥스바이오시스템즈,445680
로보스타,090360
삼현,437730
알지노믹스,476830
제이에스링크,127120
케이엠더블유,032500
오름테라퓨틱,475830
에스앤에스텍,101490
쎄트렉아이,099320
휴림로봇,090710
하나머티리얼즈,166090
와이씨,232140
아주IB투자,027360
하림지주,003380
LS머트리얼즈,417200
HK이노엔,195940
SFA반도체,036540
인텔리안테크,189300
에이치브이엠,295310
차바이오텍,085660
신성델타테크,065350
코미코,183300
에이프릴바이오,397030
삼표시멘트,038500
루닛,328130
씨어스,458870
유일로보틱스,388720
클로봇,466100
리브스메드,491000
레이크머티리얼즈,281740
세미파이브,490470
티엘비,356860
제이앤티씨,204270
아이티센글로벌,124500
씨엠티엑스,388210
필옵틱스,161580
현대바이오,048410
큐리언트,115180
피엔티,137400
GST,083450
솔브레인홀딩스,036830
에스에프에이,056190
코스모로보틱스,439960
CJ ENM,035760
덕산네오룩스,213420
원익QnC,074600
피노,033790
지투지바이오,456160
카카오게임즈,293490
하이젠알앤엠,160190
비나텍,126340
제룡전기,033100
씨아이에스,222080
동국제약,086450
성광벤드,014620
쏠리드,050890
와이지엔터테인먼트,122870
로킷헬스케어,376900
지아이이노베이션,358570
동운아나텍,094170
스튜디오드래곤,253450
샘씨엔에스,252990
코스메카코리아,241710
네패스,033640
서부T&D,006730
다우데이타,032190
코나아이,052400
태광,023160
유진로봇,056080
온코닉테라퓨틱스,476060
엔켐,348370
에스티큐브,052020
삼지전자,037460
선익시스템,171090
서울반도체,046890
나노신소재,121600
노타,486990
넥슨게임즈,225570
원텍,336570
미코,059090
성일하이텍,365340
넥스틴,348210
안랩,053800
프로텍,053610
앱클론,174900
메디톡스,086900
위메이드,112040
에프에스티,036810
코오롱생명과학,102940
NHN KCP,060250
RF머트리얼즈,327260
태웅,044490
포스코엠텍,009520
덕산하이메탈,077360
뉴로메카,348340
이엔에프테크놀로지,102710
인벤티지랩,389470
엠케이전자,033160
에코프로에이치엔,383310
SOOP,067160
가온칩스,399720
코세스,089890
동성화인텍,033500
젬백스,082270
티에프이,425420
네오셈,253590
이녹스첨단소재,272290
케이아이엔엑스,093320
인바디,041830
코미팜,041960
성우하이텍,015750
와이지-원,019210
에코마케팅,230360
예스티,122640
한양이엔지,045100
디어유,376300
토모큐브,475960
원익머트리얼즈,104830
현대힘스,460930
파이버프로,368770
서희건설,035890
켐트로닉스,089010
천보,278280
아이센스,099190
엘티씨,170920
한국기업평가,034950
인텍플러스,064290
엑스게이트,356680
아이쓰리시스템,214430
카페24,042000
한선엔지니어링,452280
아난티,025980
한글과컴퓨터,030520
우리기술투자,041190
감성코퍼레이션,036620
HLB이노베이션,024850
인카금융서비스,211050
한국피아이엠,448900
더블유씨피,393890
서울바이오시스,092190
에이디테크놀로지,200710
디케이티,290550
티앤엘,340570
큐렉소,060280
마키나락스,477850
네패스아크,330860
펌텍코리아,251970
큐로셀,372320
툴젠,199800
브이티,018290
인화정공,101930
한라캐스트,125490
네오위즈,095660
가비아,079940
PS일렉트로닉스,332570
시노펙스,025320
펨트론,168360
에스티아이,039440
메카로,241770
오이솔루션,138080
네오티스,085910
다날,064260
메디포스트,078160
메가스터디교육,215200
월덱스,101160
아이엠바이오로직스,493280
디아이티,110990
하이록코리아,013030
동화기업,025900
프로티나,468530
이뮨온시아,424870
보성파워텍,006910
한스바이오메드,042520
에스비비테크,389500
엔젤로보틱스,455900
HLB생명과학,067630
싸이맥스,160980
한중엔시에스,107640
알멕,354320
LS증권,078020
에스바이오메딕스,304360
에치에프알,230240
한양디지텍,078350
한텍,098070
티로보틱스,117730
티이엠씨,425040
페니트리움바이오,187660
에이스침대,003800
HLB제약,047920
신라젠,215600
넥스트바이오메디컬,389650
유바이오로직스,206650
우주일렉트로,065680
뉴파워프라즈마,144960
인투셀,287840
한솔아이원스,114810
오픈엣지테크놀로지,394280
휴온스글로벌,084110
오킨스전자,080580
아이씨티케이,456010
글로벌텍스프리,204620
빛과전자,069540
미래반도체,254490
AP시스템,265520
HEM파마,376270
아모텍,052710
휴온스,243070
제우스,079370
유티아이,179900
한라IMS,092460
파트론,091700
에이치엠넥스,036170
사피엔반도체,452430
국일제지,078130
헥토파이낸셜,234340
웹젠,069080
타이거일렉,219130
에이팩트,200470
지엔씨에너지,119850
파인엠텍,441270
삼양컴텍,484590
비츠로넥스텍,488900
컴투스,078340
삼양엔씨켐,482630
저스템,417840
하림,136480
인탑스,049070
엑시콘,092870
DSC인베스트먼트,241520
덕산테코피아,317330
삼목에스폼,018310
케이프,064820
아스테라시스,450950
진성티이씨,036890
위메이드맥스,101730
슈프리마,236200
씨메스로보틱스,475400
켄코아에어로스페이스,274090
드림시큐리티,203650
유니셈,036200
이노스페이스,462350
지노믹트리,228760
한국정보통신,025770
칩스앤미디어,094360
비츠로테크,042370
에이직랜드,445090
바이오다인,314930
바이오플러스,099430
상아프론테크,089980
콜마비앤에이치,200130
나무기술,242040
이지홀딩스,035810
에코아이,448280
휴메딕스,200670
큐라클,365270
아이티켐,309710
유니테스트,086390
CJ프레시웨이,051500
골프존,215000
필에너지,378340
슈어소프트테크,298830
엔케이젠바이오텍코리아,182400
디바이스,187870
우리로,046970
와이씨켐,112290
나이스정보통신,036800
네오팜,092730
바텍,043150
노바렉스,194700
엠로,058970
비덴트,121800
DXVX,180400
제이브이엠,054950
에프앤가이드,064850
씨앤씨인터내셔널,352480
KG이니시스,035600
큐에이드,377460
코스텍시스,355150
지씨셀,144510
세나테크놀로지,061090
유진기업,023410
바이넥스,053030
메디아나,041920
HB테크놀러지,078150
아이엘,307180
안트로젠,065660
피에이치에이,043370
LIG아큐버,073490
매일유업,267980
퓨쳐켐,220100
그래피,318060
LB세미콘,061970
GRT,900290
SAMG엔터,419530
토비스,051360
나우로보틱스,459510
KH바텍,060720
JTC,950170
케이엔제이,272110
나라스페이스테크놀로지,478340
오로스테크놀로지,322310
한국알콜,017890
SKAI,357880
아이티엠반도체,084850
셀바스AI,108860
쓰리빌리언,394800
오르비텍,046120
매커스,093520
폰드그룹,472850
유니슨,018000
신흥에스이씨,243840
강원에너지,114190
KG에코솔루션,151860
오리엔탈정공,014940
베뉴지,019010
신성에스티,416180
대명에너지,389260
한국캐피탈,023760
셀비온,308430
석경에이티,357550
상신이디피,091580
지놈앤컴퍼니,314130
바디텍메드,206640
자람테크놀로지,389020
헬릭스미스,084990
티씨머티리얼즈,125020
아스트,067390
강스템바이오텍,217730
스맥,099440
와이엠티,251370
HLB테라퓨틱스,115450
범한퓨얼셀,382900
갤럭시아머니트리,094480
뷰웍스,100120
아이스크림미디어,461300
케이티알파,036030
모베이스전자,012860
이랜텍,054210
소룩스,290690
심텍홀딩스,036710
컨텍,451760
링크솔루션,474650
나무가,190510
마이크로컨텍솔,098120
와이바이오로직스,338840
세보엠이씨,011560
아바텍,149950
쿠콘,294570
대아티아이,045390
제일일렉트릭,199820
옵티코어,380540
재영솔루텍,049630
미래나노텍,095500
디지털대성,068930
에이스테크,088800
동원개발,013120
대화제약,067080
나이벡,138610
마녀공장,439090
인터플렉스,051370
SG,255220
한국정보인증,053300
리센스메디컬,394420
에코앤드림,101360
아스플로,159010
솔트룩스,304100
서호전기,065710
큐리오시스,494120
이지바이오,353810
대원산업,005710
코난테크놀로지,402030
삼미금속,012210
금화피에스시,036190
한국비엔씨,256840
바이오니아,064550
아나패스,123860
해성산업,034810
코칩,126730
현대사료,016790
인터로조,119610
우진엔텍,457550
라이콤,388790
지앤비에스 에코,382800
BGF에코머티리얼즈,126600
디엔에프,092070
티엑스알로보틱스,484810
코텍,052330
헥토이노베이션,214180
나노팀,417010
국보디자인,066620
제이오,418550
클리오,237880
라온로보틱스,232680
바이젠셀,308080
KZ정밀,036560
슈피겐코리아,192440
에스오에스랩,464080
앤로보틱스,138360
골프존홀딩스,121440
메가터치,446540
비보존 제약,082800
제테마,216080
퀄리타스반도체,432720
AP위성,211270
흥구석유,024060
그린리소스,402490
와이솔,122990
오로라,039830
루미르,474170
유비쿼스홀딩스,078070
디오,039840
텔레칩스,054450
엘오티베큠,083310
더즌,462860
에스투더블유,488280
바이오솔루션,086820
큐알티,405100
잉글우드랩,950140
윤성에프앤씨,372170
일진파워,094820
아바코,083930
티움바이오,321550
피아이이,452450
인피니트헬스케어,071200
제닉,123330
폴라리스오피스,041020
데브시스터즈,194480
리파인,377450
제노코,361390
이랜시스,264850
네오위즈홀딩스,042420
이크레더블,092130
대양전기공업,108380
듀켐바이오,176750
아이패밀리에스씨,114840
새로닉스,042600
아이디스,143160
엘케이켐,489500
어보브반도체,102120
KBI메탈,024840
유비쿼스,264450
코리아에프티,123410
사람인,143240
모두투어,080160
하이비젼시스템,126700
코메론,049430
도우인시스,484120
아이텍,119830
유성티엔에스,024800
라온텍,418420
GC메디아이,032620
푸른저축은행,007330
동양이엔피,079960
버킷스튜디오,066410
코다코,046070
모트렉스,118990
피델릭스,032580
CMG제약,058820
레드캡투어,038390
비씨엔씨,146320
나노,187790
풍원정밀,371950
에이유브랜즈,481070
나노엔텍,039860
에브리봇,270660
쇼박스,086980
더핑크퐁컴퍼니,403850
크레오에스지,040350
성우,458650
대한약품,023910
인선이엔티,060150
나인테크,267320
케이엔알시스템,199430
나우IB,293580
하이텍팜,106190
지투파워,388050
아이로보틱스,066430
경동제약,011040
시너지이노베이션,048870
에이비온,203400
KG파이낸셜,046440
티케이케미칼,104480
쎌바이오텍,049960
알에스오토메이션,140670
노바텍,285490
메가스터디,072870
매일홀딩스,005990
디에스케이,109740
엠아이텍,179290
지구홀딩스,221800
엠디바이스,226590
녹십자웰빙,234690
멀티캠퍼스,067280
제룡산업,147830
아이디스홀딩스,054800
안국약품,001540
케이엔더블유,105330
중앙첨단소재,051980
압타바이오,293780
코아스템켐온,166480
제넥신,095700
고려신용정보,049720
노머스,473980
뉴로핏,380550
비엠티,086670
프레스티지바이오로직스,334970
케이씨에스,115500
퓨릿,445180
엠플러스,259630
파워넷,037030
케이엔솔,053080
다산네트웍스,039560
빅솔론,093190
삼보판지,023600
티쓰리,204610
넵튠,217270
에스앤디,260970
파워로직스,047310
코윈테크,282880
웨이비스,289930
케이에스피,073010
코스맥스엔비티,222040
SV인베스트먼트,289080
에프엔에스테크,083500
현대에버다임,041440
켐트로스,220260
셀레믹스,331920
시스웍,269620
와이제이링크,209640
한국첨단소재,062970
시지메드텍,056090
하나기술,299030
톱텍,108230
우양에이치씨,101970
메쎄이상,408920
유니트론텍,142210
씨앤지하이테크,264660
국전,307750
HB솔루션,297890
마크로젠,038290
컴퍼니케이,307930
동국산업,005160
아비코전자,036010
에이티넘인베스트,021080
아모그린텍,125210
아톤,158430
세아메카닉스,396300
넥써쓰,205500
코맥스,036690
센서뷰,321370
핑거,163730
이수앱지스,086890
동방메디컬,240550
대동기어,008830
우림피티에스,101170
아가방컴퍼니,013990
KX,122450
에스텍,069510
RF시스템즈,474610
현대이지웰,090850
세명전기,017510
아진엑스텍,059120
이노테크,469610
윈스테크넷,136540
선광,003100
팜스토리,027710
도이치모터스,067990
세경하이테크,148150
성도이엔지,037350
LS티라유텍,322180
한켐,457370
플리토,300080
신화프리텍,095190
파세코,037070
지어소프트,051160
지씨지놈,340450
지니언스,263860
킵스파마,256940
이스트소프트,047560
삼보모터스,053700
플래스크,041590
네오오토,212560
엑셈,205100
넥스트칩,396270
모다이노칩,080420
지아이에스,306620
엔알비,475230
씨에스베어링,297090
DMS,068790
KT나스미디어,089600
한컴위드,054920
탑런토탈솔루션,336680
오늘이엔엠,192410
한빛레이저,452190
원익,032940
NICE인프라,063570
케이알엠,093640
인포바인,115310
애니플러스,310200
세종텔레콤,036630
액트로,290740
아이비김영,339950
일승,333430
엠에스오토텍,123040
박셀바이오,323990
진로발효,018120
NH농우바이오,054050
테라뷰,950250
제닉스로보틱스,381620
동구바이오제약,006620
에스와이스틸텍,365330
아진산업,013310
그리드위즈,453450
메드팩토,235980
엘앤케이바이오,156100
KX하이텍,052900
와이엔텍,067900
누리플렉스,040160
YTN,040300
아모센스,357580
코데즈컴바인,047770
고스트스튜디오,950190
동아엘텍,088130
공구우먼,366030
디앤씨미디어,263720
현대바이오랜드,052260
뷰노,338220
유아이엘,049520
원준,382840
MDS테크,086960
폴레드,487580
삼영엠텍,054540
에스와이,109610
로보로보,215100
우리손에프앤지,073560
레이언스,228850
지에프아이,493330
엠에스씨,009780
가온그룹,078890
야스,255440
상상인,038540
이엘씨,041520
다원넥스뷰,323350
에이럭스,475580
아미노로직스,074430
디알텍,214680
KCC건설,021320
지니너스,389030
한국경제TV,039340
LB인베스트먼트,309960
한일사료,005860
빅텍,065450
제이엘케이,322510
우리넷,115440
스톤브릿지벤처스,330730
싸이닉솔루션,234030
아스타,246720
디와이피엔에프,104460
워트,396470
미래컴퍼니,049950
피에스텍,002230
이엔셀,456070
원익피앤이,217820
모비스,250060
하이로닉,149980
비아트론,141000
씨씨에스,066790
마음AI,377480
옵투스제약,131030
대성하이텍,129920
제이아이테크,417500
아미코젠,092040
다원시스,068240
LK삼양,225190
바이오비쥬,489460
티앤알바이오팹,246710
중앙에너비스,000440
큐브엔터,182360
드림씨아이에스,223250
엑스페릭스,317770
동신건설,025950
아이앤씨,052860
아우토크립트,331740
뉴프렉스,085670
크레버스,096240
풍국주정,023900
초록뱀미디어,047820
그래디언트,035080
탑머티리얼,360070
라온시큐어,042510
금양그린파워,282720
세운메디칼,100700
레이저쎌,412350
와이즈넛,096250
스톰테크,352090
아이에스티이,212710
대정화금,120240
메타바이오메드,059210
에이치엔에스하이텍,044990
화신정공,126640
한국파마,032300
파로스아이바이오,388870
에이치피오,357230
에코플라스틱,038110
컴투스홀딩스,063080
오상헬스케어,036220
케이피항공산업,288180
씨피시스템,413630
대봉엘에스,078140
싸이토젠,217330
엑세스바이오,950130
폴라리스AI,039980
솔본,035610
알서포트,131370
아크솔루션스,203690
양지사,030960
이지케어텍,099750
오스테오닉,226400
슈프리마에이치큐,094840
포바이포,389140
광무,029480
푸드나무,290720
코아시아,045970
링네트,042500
정상제이엘에스,040420
원일티엔아이,136150
엔에프씨,265740
한패스,408470
중앙백신,072020
해성에어로보틱스,059270
아이엠티,451220
모델솔루션,417970
서울옥션,063170
더네이쳐홀딩스,298540
젝시믹스,337930
알엔티엑스,123010
동국S&C,100130
큐에스아이,066310
에스피소프트,443670
금강철강,053260
로젠,033290
기가레인,049080
서원인텍,093920
선진뷰티사이언스,086710
동국생명과학,303810
테라젠이텍스,066700
삼아제약,009300
쿼드메디슨,464490
KT밀리의서재,418470
위더스제약,330350
한성크린텍,066980
네오이뮨텍,950220
셀루메드,049180
나이스디앤비,130580
엔지켐생명과학,183490
KT지니뮤직,043610
케이피에프,024880
제이스로보틱스,090470
조이시티,067000
이브이첨단소재,131400
세원물산,024830
머큐리,100590
엠엑스온,347890
지오엘리먼트,311320
좋은사람들,033340
웹케시,053580
엠게임,058630
쎄니트,037760
모베이스,101330
아이큐어,175250
서한,011370
제일엠앤에스,412540
에이프로,262260
창해에탄올,004650
씨이랩,189330
오파스넷,173130
오성첨단소재,052420
리메드,302550
다이나믹솔루션,290660
알파칩스,117670
NPX,222160
프로이천,321260
스모트로닉,066590
아이티센엔텍,010280
SY동아,041930
빛샘전자,072950
인트론바이오,048530
바이오에프디엔씨,251120
수젠텍,253840
한국가구,004590
오가노이드사이언스,476040
대한뉴팜,054670
현대에이치티,039010
이녹스,088390
샌즈랩,411080
HC보광산업,225530
지아이텍,382480
키스트론,475430
해성옵틱스,076610
SM C&C,048550
아이씨디,040910
청담글로벌,362320
크리스에프앤씨,110790
일지테크,019540
위드텍,348350
에스트래픽,234300
셀리드,299660
하이드로리튬,101670
셀바스헬스케어,208370
이엠텍,091120
대림제지,017650
휴비츠,065510
APS이노베이션,079810
삼기에너지솔루션즈,419050
녹십자엠에스,142280
영화테크,265560
유니크,011320
씨티씨바이오,060590
현대공업,170030
APS,054620
엔브이에이치코리아,067570
THE E&M,089230
팅크웨어,084730
크리스탈신소재,900250
비투엔,307870
서남,294630
한국컴퓨터,054040
퓨런티어,370090
한일단조,024740
블루엠텍,439580
피앤에스로보틱스,460940
케이엔에스,432470
코츠테크놀로지,448710
삼륭물산,014970
정다운,208140
시공테크,020710
삼현철강,017480
KNN,058400
리드코프,012700
HRS,036640
태웅로직스,124560
로스웰,900260
케이옥션,102370
내츄럴엔도텍,168330
엠오티,413390
와이엠텍,273640
티에스아이,277880
피제이전자,006140
데이타솔루션,263800
코닉오토메이션,391710
자이글,234920
라이온켐텍,171120
레이,228670
미투온,201490
휴마시스,205470
JW신약,067290
선바이오,067370
이노메트리,302430
네오리진,094860
특수건설,026150
제이엔케이글로벌,126880
폴라리스AI파마,041910
예스24,053280
우리바이오,082850
스마트레이더시스템,424960
에이텍,045660
엠엑스로보틱스,007820
신신제약,002800
테라사이언스,073640
HLB제넥스,187420
유라테크,048430
TPC로보틱스,048770
엑스플러스,373200
디에이테크놀로지,196490
한울반도체,320000
피제이메탈,128660
다보링크,340360
팸텍,271830
예림당,036000
지엘팜텍,204840
대주산업,003310
제너셈,217190
한울소재과학,091440
에스피시스템스,317830
유니테크노,241690
디지틀조선,033130
비트컴퓨터,032850
코스리거글로벌,043710
SBI인베스트먼트,019550
뉴엔AI,463020
남화산업,111710
고바이오랩,348150
삐아,451250
제이씨케미칼,137950
디케이락,105740
한국선재,025550
앤디포스,238090
CG인바이츠,083790
팬젠,222110
부방,014470
대창솔루션,096350
화성밸브,039610
바이오스마트,038460
동일금속,109860
트루엔,417790
에이에스텍,453860
덕우전자,263600
레뷰코퍼레이션,443250
티플랙스,081150
쎄크,081180
오픈베이스,049480
서플러스글로벌,140070
포니링크,064800
위닉스,044340
에스넷,038680
딥노이드,315640
3S,060310
아리바이오랩,261780
센코,347000
코위버,056360
희림,037440
인크로스,216050
아이디피,332370
브이원텍,251630
휴먼테크놀로지,175140
블랙야크아이앤씨,478560
옵티팜,153710
더블유에스아이,299170
화일약품,061250
인성정보,033230
현우산업,092300
모티브링크,463480
위츠,459100
와이어블,065530
알체라,347860
SCL사이언스,246960
알에프텍,061040
신스틸,162300
민테크,452200
TS인베스트먼트,246690
이화공영,001840
TJ미디어,032540
포커스에이아이,331380
이상네트웍스,080010
FSN,214270
이오플로우,294090
노브랜드,145170
테고사이언스,191420
대성창투,027830
신일제약,012790
에스씨디,042110
유비벨록스,089850
우리산업,215360
국순당,043650
이건홀딩스,039020
HLB파나진,046210
랩지노믹스,084650
대원미디어,048910
케이사인,192250
CJ 바이오사이언스,311690
SGC E&C,016250
세코닉스,053450
제이씨현시스템,033320
경창산업,024910
블루콤,033560
아이진,185490
케이엘넷,039420
강동씨앤엘,198440
흥국,010240
드림어스컴퍼니,060570
와이엠씨,155650
참좋은여행,094850
대륙제관,004780
엔시스,333620
러셀,217500
이닉스,452400
홈캐스트,064240
에이테크솔루션,071670
라파스,214260
옵티시스,109080
삼익제약,014950
엠투엔,033310
위메이드플레이,123420
쏘닉스,088280
경남스틸,039240
DGI,099520
아이엠비디엑스,461030
오리콤,010470
지에스이,053050
우원개발,046940
오텍,067170
잉크테크,049550
이루온,065440
원풍,008370
진양제약,007370
노랑풍선,104620
한국전자인증,041460
오비고,352910
EDGC,245620
SDN,099220
태양,053620
탑코미디어,134580
탑엔지니어링,065130
푸드웰,005670
캐프,198080
삼양케이씨아이,036670
이글루,067920
이노인스트루먼트,215790
피엔케이피부임상연구센타,347740
에너토크,019990
동우팜투테이블,088910
아셈스,136410
푸른로보틱스,094940
유신,054930
퀀타매트릭스,317690
디알젬,263690
유일에너테크,340930
토탈소프트,045340
온코크로스,382150
웨이브일렉트로,095270
인지소프트,100030
에스디생명공학,217480
티이엠씨씨엔에스,241790
서울평가정보,036120
에어레인,163280
젠큐릭스,229000
디와이디,219550
대모,317850
코리아나,027050
에이치시티,072990
엘엠에스,073110
위지트,036090
쎄노텍,222420
와이즈버즈,273060
수산아이앤티,050960
디에스엠,104040
에스프리즘,288620
이니텍,053350
코어라인소프트,384470
에피소드컴퍼니,317530
코렌텍,104540
제노레이,122310
포인트엔지니어링,256630
레이저옵텍,199550
에르코스,435570
큐라티스,348080
제일테크노스,038010
SG&G,040610
알에프세미,096610
마이크로투나노,424980
에스에너지,095910
팬스타엔터프라이즈,054300
씨티케이,260930
피엠티,147760
우리산업홀딩스,072470
압타머사이언스,291650
오브젠,417860
프로티아,303360
데이원컴퍼니,373160
대진첨단소재,393970
HC홈센타,060560
코콤,015710
제로투세븐,159580
iMBC,052220
파이오링크,170790
에스엠씨지,460870
심플랫폼,444530
구영테크,053270
HLB바이오스텝,278650
아이빔테크놀로지,460470
대보마그네틱,290670
엔에이치스팩29호,451700
소마젠,950200
레몬,294140
마이크로디지탈,305090
미스터블루,207760
위너스일렉,479960
위지윅스튜디오,299900
옵트론텍,082210
포시에스,189690
오상자이엘,053980
화인써키트,127980
셀바이오휴먼텍,318160
지슨,446840
알비더블유,361570
린드먼아시아,277070
엔젯,419080
동방선기,099410
큐캐피탈,016600
일신바이오,068330
SM Life Design,063440
코스나인,082660
대원,007680
이지스,261520
시큐레터,418250
YW,051390
윈팩,097800
셀로맥스사이언스,471820
와이랩,432430
코셈,360350
쓰리에이로직스,177900
얼라인드,238120
신테카바이오,226330
오리엔트정공,065500
제이스코홀딩스,023440
HB인베스트먼트,440290
블리츠웨이엔터테인먼트,369370
사이냅소프트,466410
엔바이오니아,317870
HLB펩,196300
알트,459550
아티스트컴퍼니,321820
하이퍼코퍼레이션,065650
인지디스플레,037330
스튜디오미르,408900
흥국에프엔비,189980
서린바이오,038070
샤페론,378800
원익큐브,014190
비아이매트릭스,413640
애드바이오텍,179530
한국팩키지,037230
토마토시스템,393210
손오공,066910
비엘팜텍,065170
디티씨,066670
엣지파운드리,105550
링크제니시스,219420
아시아경제,127710
액토즈소프트,052790
코아시아씨엠,196450
시그네틱스,033170
서전기전,189860
M83,476080
SGA솔루션즈,184230
NHN벅스,104200
영우디에스피,143540
알피바이오,314140
씨유테크,376290
나래나노텍,137080
파라택시스코리아,288330
신화인터텍,056700
영림원소프트랩,060850
하츠,066130
그린생명과학,114450
제이티,089790
코리아에셋투자증권,190650
산돌,419120
제이엠티,094970
앱코,129890
루멘스,038060
프리엠스,053160
일월지엠엘,178780
제이투케이바이오,420570
에프엔씨엔터,173940
효성오앤비,097870
인스피언,465480
이삭엔지니어링,351330
폴라리스세원,234100
삼일기업공사,002290
삼천리자전거,024950
티비씨,033830
엑스큐어,070300
보라티알,250000
한빛소프트,047080
포스뱅크,105760
대창스틸,140520
엔투텍,227950
아이티센피엔에스,232830
네이블,153460
미래생명자원,218150
노을,376930
디에이피,066900
엘컴텍,037950
디케이앤디,263020
DH오토리드,290120
케이씨피드,025880
덴티스,261200
서암기계공업,100660
파수AI,150900
에스팀,458350
알로이스,297570
와토스코리아,079000
나라엠앤디,051490
기산텔레콤,035460
하스,450330
승일,049830
알리코제약,260660
케이디켐,221980
모헨즈,006920
램테크놀러지,171010
파라텍,033540
원바이오젠,307280
씨앤투스,352700
엔텔스,069410
상지건설,042940
덕신이피씨,090410
상신전자,263810
비트플래닛,049470
인크레더블버즈,064090
크라우드웍스,355390
한독크린텍,256150
아이크래프트,052460
남화토건,091590
유에스티,263770
우정바이오,215380
캡스톤파트너스,452300
플레이디,237820
하이즈항공,221840
서진오토모티브,122690
에쎈테크,043340
아세아텍,050860
에이텍모빌리티,224110
픽셀플러스,087600
유라클,088340
에이텀,355690
동일기연,032960
트윔,290090
넥사다이내믹스,351320
이글벳,044960
바이오톡스텍,086040
아이컴포넌트,059100
서연탑메탈,019770
ES큐브,050120
아이비젼웍스,469750
멤레이비티,072770
제이엔비,452160
이엠넷,123570
그리티,204020
한국비티비,219750
네오크레마,311390
삼기,122350
동양파일,228340
비씨월드제약,200780
하이딥,365590
씨큐브,101240
그린플러스,186230
핸디소프트,220180
베노티앤알,206400
에스코넥,096630
티케이지애강,022220
케일럼,258610
자이언트스텝,289220
솔디펜스,215090
대신정보통신,020180
케이씨티,089150
테크엘,064520
누보,332290
유니온바이오메트릭스,203450
KB오토시스,024120
모아데이타,288980
브리지텍,064480
에이아이코리아,364950
성우전자,081580
카이노스메드,284620
에코캡,128540
티디에스팜,464280
와이엠,007530
시선AI,340810
셀피글로벌,068940
나노실리칸첨단소재,286750
피엔에이치테크,239890
오가닉티코스메틱,900300
체리부로,066360
유틸렉스,263050
캐스텍코리아,071850
알엔투테크놀로지,148250
뱅크웨어글로벌,199480
덱스터,206560
우리이앤엘하루틴,153490
캠시스,050110
우듬지팜,403490
꿈비,407400
비비씨,318410
DH오토웨어,025440
포톤,208710
NEW,160550
케이엠,083550
YBM넷,057030
옴니시스템,057540
세림B&G,340440
케어랩스,263700
백금T&A,046310
넥스턴앤롤코리아,089140
한네트,052600
제이에스티나,026040
메가엠디,133750
우양,103840
모니터랩,434480
고려제약,014570
프리시젼바이오,335810
한주라이트메탈,198940
한싹,430690
지에프씨생명과학,388610
에스켐,475660
미트박스,475460
에코볼트,097780
진시스템,363250
캔버스엔,210120
오공,045060
컬러레이,900310
포메탈,119500
피코그램,376180
신화콘텍,187270
한국큐빅,021650
글로벌에스엠,900070
자연과환경,043910
인산가,277410
에스에이티,060540
시지트로닉스,429270
에코글로우,159910
신라섬유,001000
파인메딕스,387570
파인테크닉스,106240
아이퀘스트,262840
플랜티넷,075130
씨엔알리서치,359090
아이즈비전,031310
진바이오텍,086060
다산디엠씨,208860
파버나인,177830
티사이언티픽,057680
진매트릭스,109820
세종메디칼,258830
아이언디바이스,464500
키이스트,054780
폴라리스우노,114630
에이비프로바이오,195990
엠아이큐브솔루션,373170
소노스퀘어,007720
서울전자통신,027040
더라미,032860
모비데이즈,363260
동국알앤에스,075970
빌리언스,044480
브레인즈컴퍼니,099390
플루토스,019570
오스템,031510
경남제약,053950
프럼파스트,035200
파인디지털,038950
에스엘에스바이오,246250
뉴트리,270870
닷밀,464580
인스웨이브,450520
오디텍,080520
에스지헬스케어,398120
원일특강,012620
디티앤씨알오,383930
이노에이엑스,296640
멕아이씨에스,058110
싸이버원,356890
엠젠솔루션,032790
라온피플,300120
차이커뮤니케이션,351870
디모아,016670
모아텍,033200
아티스트스튜디오,200350
힘스,238490
메이슨캐피탈,021880
엠브레인,169330
팬엔터테인먼트,068050
웨이버스,336060
GH신소재,130500
에프알텍,073540
포인트모바일,318020
성우테크론,045300
위즈코프,038620
파루,043200
뷰티스킨,406820
마니커에프앤지,195500
대한과학,131220
에코심플렉스,038870
한울앤제주,276730
제놀루션,225220
뉴키즈온,462310
에이스토리,241840
시큐브,131090
자비스,254120
KBG,318000
아이지넷,462980
EG,037370
CNT85,056730
디티앤씨,187220
사토시홀딩스,223310
웰크론,065950
THE CUBE&,013720
피엔티엠에스,257370
KB제27호스팩,464680
티에스넥스젠,043220
휴네시온,290270
코디,080530
휴맥스,115160
핌스,347770
인포뱅크,039290
에이치엘사이언스,239610
신도기연,290520
오아,342870
휴엠앤씨,263920
한창산업,079170
대동스틸,048470
애드포러스,397810
에이치와이티씨,148930
부스타,008470
오픈놀,440320
KS인더스트리,101000
모아라이프플러스,142760
삼화네트웍스,046390
팜스빌,318010
삼진,032750
TS트릴리온,317240
휴림에이텍,078590
티엔엔터테인먼트,131100
라메디텍,462510
딥커머스,900110
서울제약,018680
이엘피,063760
신원종합개발,017000
제이엠아이,033050
나라셀라,405920
한일화학,007770
위세아이텍,065370
글로본,019660
카티스,140430
텔콘RF제약,200230
오토앤,353590
스페코,013810
세화피앤씨,252500
한국정보공학,039740
무림SP,001810
케이웨더,068100
이노시뮬레이션,274400
라닉스,317120
버넥트,438700
정원엔시스,045510
디와이씨,310870
에스디시스템,121890
엔젠바이오,354200
피앤씨테크,237750
S&K폴리텍,091340
아이에이,038880
국영지앤엠,006050
아즈텍WB,032080
파라택시스이더리움,290560
모비릭스,348030
광진실업,026910
대성미생물,036480
리튬포어스,073570
씨유메디칼,115480
플래티어,367000
누리플랜,069140
NE능률,053290
케이지에이,455180
뉴온,123840
이지트로닉스,377330
딜리,131180
이노뎁,303530
한주에이알티,058450
리더스코스메틱,016100
이스트에이드,239340
대산F&B,065150
오션인더블유,052300
피씨디렉트,051380
우리엔터프라이즈,037400
신진에스엠,138070
배럴,267790
엑셀세라퓨틱스,373110
밸로프,331520
이노테나,333050
E8,418620
플레이위드,023770
벨로크,424760
소프트캠프,258790
피플바이오,304840
인티큐브,070590
케이바이오랩스,038530
디지아이,043360
율촌,146060
윙입푸드,900340
바이브컴퍼니,301300
풍전약품,298060
아이윈,090150
에스제이그룹,306040
엔피,291230
PN풍년,024940
엔비티,236810
세동,053060
아이오케이이엔엠,078860
윙스풋,335870
지란지교시큐리티,208350
디지캡,197140
알톤,123750
에이루트,096690
키네마스터,139670
카스,016920
성창오토텍,080470
이씨에스,067010
한국유니온제약,080720
삼진엘앤디,054090
서산,079650
세니젠,188260
동양에스텍,060380
원티드랩,376980
지엔코,065060
인바이오,352940
인터엠,017250
휴럼,353190
엠에프씨,432980
상보,027580
드림인사이트,362990
풍강,093380
에이치케이,044780
로지시스,067730
대호특수강,021040
한국맥널티,222980
앱토크롬,109960
조아제약,034940
파인텍,131760
벡트,457600
파이온엑스,900100
바이오포트,188040
스타플렉스,115570
티피씨글로벌,130740
프롬바이오,377220
윈하이텍,192390
에이전트AI,060900
비큐AI,148780
나노캠텍,091970
패션플랫폼,225590
이미지스,115610
웰크론한텍,076080
에스앤더블류,103230
모바일어플라이언스,087260
아우딘퓨쳐스,227610
진영,285800
이퓨쳐,134060
큐로홀딩스,051780
비피도,238200
케이쓰리아이,431190
앱튼,270520
아시아종묘,154030
파인디앤씨,049120
엑사이엔씨,054940
핀텔,291810
아이티아이즈,372800
세중,039310
알티캐스트,085810
브이씨,365900
롤링스톤,214610
바른손이앤에이,035620
인콘,083640
스튜디오삼익,415380
미디어젠,279600
엔시트론,101400
씨싸이트,109670
삼일,032280
디에이치엑스컴퍼니,031860
아이씨에이치,368600
토박스코리아,215480
케이피엠테크,042040
링크드,193250
유비온,084440
에스에스알,275630
바이온,032980
솔트웨어,328380
비츠로시스,054220
비트맥스,377030
플라즈맵,405000
우진비앤지,018620
지니틱스,303030
소프트센,032680
대동금속,020400
졸스,018700
더코디,224060
썸에이지,208640
웹스,196700
디젠스,113810
한국정밀기계,101680
본느,226340
아이스크림에듀,289010
케이피티유,054410
미래에셋비전스팩7호,482680
피씨엘,241820
전진바이오팜,110020
에스폴리텍,050760
이엠앤아이,083470
유디엠텍,389680
미래에셋비전스팩4호,477380
판타지오,032800
에스티오,098660
제이케이시냅스,060230
CS,065770
유아이디,069330
유진테크놀로지,240600
노블엠앤비,106520
나노씨엠에스,247660
파커스,065690
국일신동,060480
코퍼스코리아,322780
세진티에스,067770
헝셩그룹,900270
하나30호스팩,469880
에이치엠씨제7호스팩,477340
이렘,009730
동일스틸럭스,023790
드래곤플라이,030350
바이오인프라,199730
CSA 코스믹,083660
크린앤사이언스,045520
프로브잇,227100
넥스트아이,137940
휴맥스홀딩스,028080
씨엑스아이,900120
씨엔플러스,115530
유안타제15호스팩,473050
엘디티,096870
삼영에스앤씨,361670
다산솔루에타,154040
베셀,177350
에이에프더블류,312610
미래에셋비전스팩6호,478440
한국제15호스팩,479880
에스아이리소스,065420
육일씨엔에쓰,191410
예선테크,250930
메디앙스,014100
형지글로벌,308100
케스피온,079190
이원컴포텍,088290
뉴보텍,060260
셀레스트라,352770
웰킵스하이텍,043590
올리패스,244460
키움제11호스팩,489480
인베니아,079950
오에스피,368970
엔에이치스팩31호,481890
앤씨앤,092600
비스토스,419540
이노진,344860
디비금융제13호스팩,489730
KB제29호스팩,478390
메디콕스,054180
대신밸런스제17호스팩,471050
핑거스토리,417180
KB제31호스팩,492220
엔피케이,048830
교보16호스팩,482520
삼영이엔씨,065570
한탑,002680
대신밸런스제19호스팩,482690
DB금융스팩12호,477760
뉴인텍,012340
케이엠제약,225430
수성웹툰,084180
하나31호스팩,469900
스타코링크,060240
신한제14호스팩,487360
신한제12호스팩,474660
유안타제16호스팩,474490
미래에셋비전스팩5호,477470
신한제16호스팩,496070
신라에스지,025870
KB제30호스팩,486630
비케이홀딩스,050090
교보17호스팩,489210
유안타제17호스팩,493790
원풍물산,008290
IBKS제24호스팩,469480
알파AI,043100
듀오백,073190
이베스트스팩6호,478110
키움히어로제1호스팩,466690
신영스팩10호,472220
한화플러스제5호스팩,498390
삼보산업,009620
유진스팩11호,488060
케이이엠텍,106080
형지I&C,011080
하나34호스팩,484130
골드앤에스,035290
한국제13호스팩,464440
에스케이증권제13호스팩,473950
IBKS제23호스팩,467930
교보15호스팩,465320
엑시온그룹,069920
신한제15호스팩,487830
유진스팩10호,468760
에스케이증권제11호스팩,472230
키움제10호스팩,487720
코이즈,121850
하나33호스팩,475250
투비소프트,079970
신한제13호스팩,474930
스코넥,276040
에스케이증권제12호스팩,473000
아이엠,101390
하나32호스팩,475240
조이웍스앤코,309930
KD,044180
캐리,313760
더테크놀로지,043090
아이톡시,052770
대호특수강우,021045
소프트센우,032685
SOL AI반도체TOP2플러스,0167A0
RISE 삼성전자SK하이닉스채권혼합50,0162Z0
TIGER 머니마켓액티브,0043B0
TIGER 미국우주테크,0183J0
KODEX SK하이닉스단일종목레버리지,0193T0
KODEX 삼성전자단일종목레버리지,0193W0
TIGER KRX금현물,0072R0
TIGER SK하이닉스단일종목레버리지,0195S0
KODEX 26-12 금융채(AA-이상)액티브,0117L0
TIGER 12월자동연장금융채(AA-이상)액티브,0139F0
KODEX 삼성전자SK하이닉스채권혼합50,0177N0
TIGER 코리아AI전력기기TOP3플러스,0117V0
TIGER 삼성전자단일종목레버리지,0195R0
RISE 단기특수은행채액티브,0061Z0
TIGER TDF2045 적격,0025N0
TIGER 코리아휴머노이드로봇산업,0148J0
ACE 미국대형성장주액티브,0127P0
KODEX 미국우주항공,0167Z0
RISE 현대차고정피지컬AI,0190C0
KODEX 미국머니마켓액티브,0048J0
KoAct 미국나스닥성장기업액티브,0015B0
RISE AI전력인프라,0101N0
TIGER 반도체TOP10커버드콜액티브,0177R0
TIGER 코리아원자력,0091P0
SOL 200타겟위클리커버드콜,0167B0
1Q 미국우주항공테크,0131V0
KoAct 코스닥액티브,0163Y0
SOL 코리아고배당,0105E0
KODEX 미국AI광통신네트워크,0173Y0
KODEX 27-12 회사채(AA-이상)액티브,0007F0
SOL 미국양자컴퓨팅TOP10,0023A0
TIME 미국나스닥100채권혼합50액티브,0019K0
SOL 중단기회사채(A-이상)액티브,0016X0
TIGER 코리아배당다우존스,0052D0
TIGER 토탈월드스탁액티브,0060H0
KODEX 미국성장커버드콜액티브,0144L0
SOL 팔란티어커버드콜OTM채권혼합,0040Y0
KODEX 방산TOP10,0080G0
TIME 차이나AI테크액티브,0043Y0
TIGER 차이나휴머노이드로봇,0053L0
KODEX 미국휴머노이드로봇,0038A0
TIGER 미국초단기(3개월이하)국채,0046A0
TIME 코스닥액티브,0162Y0
1Q 미국S&P500,0026S0
TIGER 28-04 회사채(A+이상)액티브,0094K0
1Q 미국S&P500미국채혼합50액티브,0052S0
TIGER 차이나테크TOP10,0047A0
1Q 미국나스닥100미국채혼합50액티브,0111P0
KODEX 원자력SMR,0098F0
SOL 27-12 회사채(AA-이상)액티브,0092C0
KODEX 미국AI반도체TOP3플러스,0151S0
TIGER 미국배당다우존스타겟데일리커버드콜,0008S0
ACE 미국우주테크액티브,0180V0
KODEX 금융고배당TOP10,0089D0
KODEX 차이나휴머노이드로봇,0048K0
TIGER 200타겟위클리커버드콜,0104N0
IBK K-AI반도체코어테크,0005G0
SOL 미국원자력SMR,0051G0
1Q K반도체TOP2+,0182R0
RISE 코리아전략산업액티브,0151P0
KODEX 반도체타겟위클리커버드콜,0190G0
SOL 팔란티어미국채커버드콜혼합,0040X0
KODEX 금액티브,0064K0
KODEX 28-12 회사채(AA-이상)액티브,0119H0
KODEX 조선TOP10,0115D0
RISE AI반도체TOP10,0093A0
1Q 미국나스닥100,0069M0
RISE 26-11 회사채(AA-이상)액티브,0122W0
KODEX 미국10년국채액티브(H),0091C0
KODEX 금융채1~2년(AA-이상)PLUS액티브,0162M0
KODEX 미국S&P500데일리커버드콜OTM,0005A0
PLUS 한화그룹주,0000J0
KODEX 주주환원고배당주,0153K0
KODEX TDF2060액티브 적격,0082V0
TIGER 중기종합채권(A-이상)액티브,0192Z0
SOL 전고체배터리&실리콘음극재,0005D0
TIGER 미국AI전력SMR,0123G0
RISE 미국AI전력인프라액티브,0176E0
1Q K반도체TOP2채권혼합50,0182S0
ACE 미국대형가치주액티브,0127M0
RISE 코리아밸류업위클리고정커버드콜,0094M0
KoAct K수출핵심기업TOP30액티브,0074K0
KIWOOM 삼성전자&SK하이닉스채권혼합50,0183V0
SOL 조선TOP3플러스레버리지,0080Y0
SOL 한국원자력SMR,0092B0
ACE 우량회사채(AA-이상)액티브,0099L0
ACE K휴머노이드로봇산업TOP2+,0177X0
TIGER 기술이전바이오액티브,0168K0
KoAct 미국나스닥채권혼합50액티브,0104H0
PLUS 글로벌휴머노이드로봇액티브,0035T0
1Q 단기특수은행채액티브,0131W0
RISE 미국휴머노이드로봇,0036R0
KODEX 미국S&P500액티브,0041E0
HK 26-12 회사채(AA-이상)액티브,0000Y0
TIGER 미국AI데이터센터TOP4Plus,0142D0
SOL 미국우주항공TOP10,0181L0
PLUS 테슬라위클리커버드콜채권혼합,0132K0
PLUS 금채권혼합,0138Y0
아이엠에셋 200,0007N0
HANARO 중기종합채권(A-이상)액티브,0191W0
IBK 중기종합채권(AA-이상)액티브,0135Y0
SOL 국제금,0066W0
ACE 삼성전자단일종목레버리지,0194M0
HANARO 27-06 회사채(AA-이상)액티브,0091M0
PLUS 중기종합채권(A-이상)액티브,0184L0
ACE 미국10년국채액티브,0085P0
ACE 고배당주Plus커버드콜액티브,0199C0
TIGER 미국AI소프트웨어TOP4Plus,0102A0
KoAct 글로벌AI메모리반도체액티브,0174B0
PLUS 삼성전자선물단일종목인버스2X,0193L0
TIGER 구글밸류체인,0190Y0
1Q 중단기회사채(A-이상)액티브,0052T0
ACE 미국배당퀄리티+커버드콜액티브,0049M0
TIME 글로벌탑픽액티브,0113D0
PLUS 고배당주위클리고정커버드콜,0018C0
1Q 종합채권(AA-이상)액티브,0017Y0
KODEX 미국원자력SMR,0132H0
HANARO 증권고배당TOP3플러스,0111J0
HANARO 미국AI메모리반도체TOP4+,0181B0
KODEX 차이나AI반도체TOP10,0162L0
SOL 국제금커버드콜액티브,0022T0
KODEX 코리아소버린AI,0115E0
PLUS 자사주매입고배당주,0098N0
KODEX 미국S&P500변동성확대시커버드콜,0089C0
HANARO 글로벌피지컬AI액티브,0040S0
ACE 미국AI테크핵심산업액티브,0118Z0
PLUS K제조업핵심기업액티브,0166S0
RISE 바이오TOP10액티브,0000Z0
SOL SK하이닉스선물단일종목인버스2X,0197X0
TIGER 엔비디아미국채커버드콜밸런스(합성),0000D0
PLUS 미국S&P500미국채혼합50액티브,0057H0
SOL 미국넥스트테크TOP10액티브,0118S0
ACE TDF2050액티브 적격,0021E0
SOL 미국S&P500미국채혼합50,0080X0
KODEX 미국AI소프트웨어TOP10,0041D0
RISE SK하이닉스단일종목레버리지,0192L0
KODEX 미국S&P500버퍼6월액티브,0068M0
1Q 은액티브,0172V0
HANARO 26-12 은행채(AA+이상)액티브,0123S0
TIME 글로벌휴머노이드로봇산업액티브,0185L0
KIWOOM 미국S&P500모멘텀,0137V0
KoAct 글로벌양자컴퓨팅액티브,0020H0
SOL 조선기자재,0141S0
RISE 삼성전자단일종목레버리지,0192M0
SOL 화장품TOP3플러스,0008T0
ACE SK하이닉스단일종목레버리지,0194T0
ACE 미국배당퀄리티,0046Y0
TIGER 차이나글로벌리더스TOP3+,0067V0
FOCUS 200,0098Z0
TIGER 리츠부동산인프라TOP10액티브,0086B0
ACE 고배당주,0139P0
TIME 미국배당다우존스액티브,0036D0
HK 머니마켓액티브,0113P0
PLUS 글로벌원자력밸류체인,0007G0
SOL SK하이닉스단일종목레버리지,0197W0
TIGER 은액티브,0189B0
IBK 미국AI TOP10국채혼합50,0178H0
KODEX 방산TOP10레버리지,0100K0
WON 초대형IB&금융지주,0154F0
1Q 미국메디컬AI,0083S0
PLUS 미국양자컴퓨팅TOP10,0023B0
마이티 5월만기자동연장특수채(AAA)액티브,0191M0
마이티 200TR,0112X0
ACE 미국SMR원자력TOP10,0155M0
HANARO K휴머노이드테마TOP10,0155N0
ACE 미국10년국채액티브(H),0085N0
PLUS 코스닥150액티브,0166N0
WON 두산그룹포커스,0177A0
RISE 테슬라미국채타겟커버드콜혼합(합성),0013R0
SOL 중기종합채권(AA-이상)액티브,0141T0
RISE 미국S&P500데일리고정커버드콜,0138T0
RISE 팔란티어고정테크100,0047R0
KIWOOM 미국AI테크하이베타,0190M0
SOL 배당성향탑픽액티브,0152E0
SOL 코스닥TOP10,0192T0
KODEX 차이나테크TOP10,0065G0
KoAct 수소전력ESS인프라액티브,0150K0
SOL 한국AI소프트웨어,0105D0
KIWOOM 미국S&P500&GOLD,0137W0
KIWOOM 미국고배당&AI테크,0107F0
PLUS 미국나스닥100미국채혼합50,0089B0
RISE 차이나AI반도체TOP4Plus,0164G0
KIWOOM 한국고배당&미국AI테크,0097L0
KODEX 미국드론UAM TOP10,0144M0
KoAct 팔란티어밸류체인액티브,0093D0
KoAct 브로드컴밸류체인액티브,0051A0
TIGER 코리아배당다우존스위클리커버드콜,0104P0
KoAct 미국로봇피지컬AI액티브,0186L0
RISE 미국고배당다우존스TOP10,0115C0
KoAct 코스피액티브,0193G0
RISE 테슬라고정테크100,0047P0
1Q K소버린AI,0103T0
PLUS 미국고배당주액티브,0153X0
KODEX 미국S&P500버퍼3월액티브,0026E0
ACE 미국배당퀄리티채권혼합50,0049K0
RISE 미국양자컴퓨팅,0018Z0
PLUS 삼성전자단일종목레버리지,0193K0
1Q 200채권혼합50액티브,0184E0
1Q 코스닥150채권혼합50액티브,0186S0
PLUS K방산레버리지,0104G0
TIGER 코스닥액티브,0204S0
WON K-글로벌수급상위,0088N0
SOL 코스피200채권혼합50,0192S0
KODEX 미국금융테크액티브,0028X0
RISE 미국은행TOP10,0013P0
RISE 미국AI클라우드인프라,0127R0
WON 삼성전자현대차채권혼합50,0203S0
1Q 삼성전자선물단일종목레버리지,0198B0
1Q SK하이닉스선물단일종목레버리지,0198D0
KIWOOM 미국대형주500월간목표헤지액티브,0084E0
TIGER 리츠부동산인프라10채권혼합액티브,0086C0
ACE TDF2030액티브 적격,0021D0
KODEX 인도Nifty미드캡100,0000H0
KIWOOM 팔란티어미국30년국채혼합액티브(H),0015F0
WON 중단기종합채권(A-이상)액티브,0203R0
ACE 리츠부동산인프라액티브,0153P0
ACE 미국중심중소형제조업,0008E0
TIGER 차이나AI소프트웨어,0067Y0
KIWOOM 미국S&P500 TOP10&배당다우비중전환,0127V0
KIWOOM SK하이닉스선물단일종목레버리지,0194R0
KoAct 미국바이오헬스케어액티브,0113G0
RISE 엔비디아고정테크100,0093B0
KIWOOM 미국S&P500&배당다우존스비중전환,0127T0
PLUS K방산소부장,0090B0
ACE TDF장기자산배분액티브,0021C0
RISE 차이나테크TOP10위클리타겟커버드콜,0094L0
1Q 미국배당TOP30,0004G0
KIWOOM 삼성전자선물단일종목레버리지,0194N0
ACE 차이나AI빅테크TOP2+액티브,0087F0
1Q 샤오미밸류체인액티브,0094X0
PLUS 은채권혼합,0184N0
FOCUS AI반도체위클리고정커버드콜,0176P0
IBK 코스닥150,0191S0
TIGER 차이나증권,0133E0
ACE K수출핵심TOP10산업액티브,0172Y0
에셋플러스 인도일등기업포커스20액티브,0002C0
PLUS 차이나AI테크TOP10,0047N0
KIWOOM 미국성장다우존스,0174R0
RISE 동학개미,0138D0
마이티 바이오시밀러&CDMO액티브,0001P0
PLUS 글로벌저작권핵심기업액티브,0166T0
BNK 카카오그룹포커스,0120J0
KIWOOM 미국테크100월간목표헤지액티브,0084D0
RISE 미국S&P500엔화노출(합성 H),0005C0
PLUS 200위클리커버드콜채권혼합,0203D0
RISE 미국천연가스밸류체인,0036Z0
HANARO 유럽방산,0082F0
ACE 유럽방산TOP10,0102X0
UNICORN K바이오액티브,0184V0
PLUS 미국로보택시,0078V0
SOL 차이나소비트렌드,0131A0
KoAct 차이나바이오헬스케어액티브,0154H0
MIDAS 코스닥액티브,0191B0
KoAct 글로벌K컬처밸류체인액티브,0132D0
더제이 중소형포커스액티브,0053M0
RISE 글로벌게임테크TOP3Plus,0114X0
PLUS 차이나항셍테크위클리타겟커버드콜,0128D0
FOCUS 알리바바미국채커버드콜혼합,0073X0
KIWOOM 엔비디아미국30년국채혼합액티브(H),0015E0
PLUS 미국AI에이전트,0050E0
DAISHIN343 오피스리츠플러스,0174J0
TIGER 미국소비트렌드액티브,0015K0
ACE BYD밸류체인액티브,0079X0
